PID,location_id,StateFIPS,StatePostal,StateName,StatePolicy,Mandate,StateWide,SWGeo,SWPop,DateIssued,DateEnacted,DateExpiry,DateEnded,Extends,Expands,Eases,Ends,Depends,PolicyCodingNotes,PolicySource,PolicySourceID,LastUpdated,LastUpdatedNotes,UpdatingSource1,UpdatingSource2
AK0001,524,2,AK,Alaska,EmergDec,1,1,1,1,20200311,20200311,,,,,,,,Public Health Emergency declared. No clear expiry provided.,https://gov.alaska.gov/wp-content/uploads/sites/2/COVID-19-Disaster-Packet.pdf,Alaska0001,20200324,,https://covid19.alaska.gov/health-mandates/,
AK0002,524,2,AK,Alaska,SchoolClose,1,1,1,1,20200313,20200316,20200331,,,,,,,"All public schools will not have students attending in-person between March 16 and March 30, 2020, and all school activities are suspended. Initial expiry is coded as 20200331.",http://dhss.alaska.gov/News/Documents/press/2020/SOA_03132020_COVID-19_HealthMandate.pdf,Alaska0002,20200425,Added initial DateExpiry of 20200331,https://covid19.alaska.gov/health-mandates/,
AK0003,524,2,AK,Alaska,OtherBusinessClose,1,1,1,1,20200316,20200317,20200401,,,,,,,"All libraries, archives, and museums to be closed from March 17 through March 31. Expiry date to be coded as 20200401",https://gov.alaska.gov/wp-content/uploads/sites/2/03.16.20-COVID-19-Health-Mandate-002.pdf,Alaska0003,20200425,Added initial DateExpiry of 20200401,https://covid19.alaska.gov/health-mandates/,
AK0013,524,2,AK,Alaska,SchoolClose,1,1,1,1,20200316,20200316,,,,AK0002,,,,"Residental school programs are to begin the process of returning students to families and home communities. Complete this process by March 27, 2020",https://gov.alaska.gov/wp-content/uploads/sites/2/03.16.20-COVID-19-Health-Mandate-002.pdf,Alaska0003,20200425,,https://covid19.alaska.gov/health-mandates/,
AK0004,524,2,AK,Alaska,RestaurantRestrict,1,1,1,1,20200317,20200318,20200401,,,,,,,"Limited operations required (delivery, window service, walk-up, drive through only permitted): restaurants, bars, breweries, food trucks. In effect at 5 pm on 20200318, continuing until 5 pm on 20200401. Expiry coded to 20200401.",https://gov.alaska.gov/wp-content/uploads/sites/2/03172020-SOA-COVID-19-Health-Mandate-003.pdf,Alaska0009,20200426,Added initial DateExpiry of 20200401,https://covid19.alaska.gov/health-mandates/,
AK0015,524,2,AK,Alaska,GathRestrict10,1,0,0,1,20200320,20200321,,,,,,,,(quote) no gatherings of more than 10 people may take place (quote). Mandated for Fairbanks North Star Borough and Kethikan Gateway Borough only. No expiry provided.,https://gov.alaska.gov/wp-content/uploads/sites/2/03202020-SOA-COVID-19-Health-Mandate-007.pdf,Alaska0005,20200425,,https://covid19.alaska.gov/health-mandates/,
AK0016,524,2,AK,Alaska,GathRestrictAny,1,0,0,1,20200320,20200321,,,,,,,,(quote) no gatherings of more than 10 people may take place (quote). Mandated for Fairbanks North Star Borough and Kethikan Gateway Borough only. No expiry provided.,https://gov.alaska.gov/wp-content/uploads/sites/2/03202020-SOA-COVID-19-Health-Mandate-007.pdf,Alaska0005,20200425,,https://covid19.alaska.gov/health-mandates/,
AK0014,524,2,AK,Alaska,OtherBusinessClose,1,0,0,1,20200320,20200321,,,,,,,,"Closure required: hair salons, day spas, nail salons, barber shops, tattoo shops, body piercings, massage therapy, tanning. Mandated for Fairbanks North Star Borough and Kethikan Gateway Borough only. No expiry provided.",https://gov.alaska.gov/wp-content/uploads/sites/2/03202020-SOA-COVID-19-Health-Mandate-007.pdf,Alaska0005,20200425,,https://covid19.alaska.gov/health-mandates/,
AK0017,524,2,AK,Alaska,SchoolClose,1,1,1,1,20200320,20200320,20200502,,AK0013,AK0013,,,,"Expands AK0002 to all public and private schools. Extends closure through 20200501, so expires on 20200502. ",https://gov.alaska.gov/wp-content/uploads/sites/2/03202020-SOA-COVID-19-Health-Mandate-008.pdf,Alaska0006,20200425,,https://covid19.alaska.gov/health-mandates/,
AK0005,524,2,AK,Alaska,StayAtHome,1,0,0,1,20200320,20200322,20200401,,,,,,,"Only applicable to Anchorage. Enacted at 10 pm on 20200322, in effect through 1159 pm on 20200331, so coded to 20200401.",https://www.muni.org/departments/mayor/pressreleases/documents/eo-03.pdf,Alaska0010,20200426,Added initial DateExpiry of 20200401,https://covid19.alaska.gov/health-mandates/,
AK0006,524,2,AK,Alaska,GathRestrict10,1,1,1,1,20200323,20200324,,,,AK0015,,,,"(quote) No gatherings of more than 10 people may take place (quote). Issued 20200323, in effect on 20200324 at 500 pm. Expands the more focal gathering restriction for AK0015",https://gov.alaska.gov/wp-content/uploads/sites/2/03232020-SOA-COVID-19-Health-Mandate-009.pdf,Alaska0007,20200425,Removed expiry since it is in effect until the governor rescinds or modifies the order,https://covid19.alaska.gov/health-mandates/,
AK0007,524,2,AK,Alaska,GathRestrictAny,1,1,1,1,20200323,20200324,,,,AK0016,,,,"(quote) No gatherings of more than 10 people may take place (quote). Issued 20200323, in effect on 20200324 at 500 pm. Expands the more focal gathering restriction for AK0016",https://gov.alaska.gov/wp-content/uploads/sites/2/03232020-SOA-COVID-19-Health-Mandate-009.pdf,Alaska0007,20200425,Removed expiry since it is in effect until the governor rescinds or modifies the order,https://covid19.alaska.gov/health-mandates/,
AK0008,524,2,AK,Alaska,OtherBusinessClose,1,1,1,1,20200323,20200324,,,,,,,,"Closure required: hair salons, day spas, nail salons, barber shops, tattoo shops, body piercings, massage therapy, tanning. Issued 20200323, in effect on 20200324 at 500 pm",https://gov.alaska.gov/wp-content/uploads/sites/2/03232020-SOA-COVID-19-Health-Mandate-009.pdf,Alaska0007,20200425,Removed expiry since it is in effect until the governor rescinds or modifies the order,https://covid19.alaska.gov/health-mandates/,
AK0009,524,2,AK,Alaska,Quarantine,1,1,1,1,20200323,20200325,20200421,,,,,,,Mandates 14 day quarantine for all people arriving in Alaska from any point of origin (international or interstate),https://gov.alaska.gov/wp-content/uploads/sites/2/03232020-SOA-COVID-19-Health-Mandate-010.pdf,Alaska0008,20200331,,https://covid19.alaska.gov/health-mandates/,
AK0010,524,2,AK,Alaska,NEBusinessClose,1,1,1,1,20200327,20200328,20200411,,,AK0008,,,,In effect as of 5 pm on 20200328. To be reevaluated on 20200411. Expands AK0008 as it now applies to all non-essential businesses,https://gov.alaska.gov/wp-content/uploads/sites/2/03272020-SOA-COVID-19-Health-Mandate-011.pdf,Alaska0011,20200330,,https://covid19.alaska.gov/health-mandates/,
AK0020,524,2,AK,Alaska,RestaurantRestrict,1,1,1,1,20200327,20200328,20200411,,AK0004,,,,,Extends restrictions on restaurant operations to 20200411.,https://gov.alaska.gov/wp-content/uploads/sites/2/03272020-SOA-COVID-19-Health-Mandate-011.pdf,Alaska0011,20200426,,https://covid19.alaska.gov/health-mandates/,
AK0011,524,2,AK,Alaska,StayAtHome,1,1,1,1,20200327,20200328,20200411,,AK0005,AK0005,,,,In effect as of 5 pm on 20200328. To be reevaluated on 20200411. Expands AK0005 as it is a statewide order and extends to 20200411,https://gov.alaska.gov/wp-content/uploads/sites/2/03272020-SOA-COVID-19-Health-Mandate-011.pdf,Alaska0011,20200330,,https://covid19.alaska.gov/health-mandates/,
AK0012,524,2,AK,Alaska,TravelRestrictIntra,1,1,1,1,20200327,20200328,20200411,,,,,,,Travel between communities banned unless for critical personal or infastructure needs. ,https://gov.alaska.gov/newsroom/2020/03/27/governor-issues-covid-19-health-mandates-on-social-distancing-limiting-intrastate-travel-2/,Alaska0012,20200331,,https://covid19.alaska.gov/health-mandates/,
AK0027,524,2,AK,Alaska,PublicMask,0,1,1,1,20200403,20200403,,,,,,,,Highly recommended for all Alaskans: wear a cloth face covering in public settings where other social distancing measures are difficult to maintain,http://dhss.alaska.gov/dph/Epi/id/SiteAssets/Pages/HumanCoV/SOA_04032020_HealthAlert010_ClothFaceCoverings.pdf,Alaska0015,20200426,,https://covid19.alaska.gov/health-mandates/,
AK0032,524,2,AK,Alaska,NEBusinessClose,1,1,1,1,20200409,20200409,,,AK0010,,,,,"Extends mandate to being in effect until rescinded, so no formal expiry anymore. Provided on online version of Health Mandate 011: Social Distancing https://covid19.alaska.gov/health-mandates/",https://covid19.alaska.gov/health-mandates/,Alaska0016,20200426,,https://covid19.alaska.gov/health-mandates/,
AK0033,524,2,AK,Alaska,RestaurantRestrict,1,1,1,1,20200409,20200409,,,AK0020,,,,,"Extends mandate to being in effect until rescinded, so no formal expiry anymore. Provided on online version of Health Mandate 011: Social Distancing https://covid19.alaska.gov/health-mandates/",https://covid19.alaska.gov/health-mandates/,Alaska0016,20200426,,https://covid19.alaska.gov/health-mandates/,
AK0018,524,2,AK,Alaska,SchoolClose,1,1,1,1,20200409,20200409,,,AK0017,,,,,Extends closure of all K-12 public and private schools to the end of the 2019-2020 academic year. ,https://gov.alaska.gov/wp-content/uploads/sites/2/04092020-SOA-COVID-19-Health-Mandate-013.pdf,Alaska0013,20200426,,https://covid19.alaska.gov/health-mandates/,
AK0034,524,2,AK,Alaska,StayAtHome,1,1,1,1,20200409,20200409,,,AK0011,,,,,"Extends mandate to being in effect until rescinded, so no formal expiry anymore. Provided on online version of Health Mandate 011: Social Distancing https://covid19.alaska.gov/health-mandates/",https://covid19.alaska.gov/health-mandates/,Alaska0016,20200426,,https://covid19.alaska.gov/health-mandates/,
AK0035,524,2,AK,Alaska,TravelRestrictIntra,1,1,1,1,20200409,20200409,,,AK0012,,,,,"Extends mandate to being in effect until rescinded, so no formal expiry anymore. Provided on online version of Health Mandate 012: Social Distancing https://covid19.alaska.gov/health-mandates/",https://covid19.alaska.gov/health-mandates/,Alaska0018,20200426,,https://covid19.alaska.gov/health-mandates/,
AK0037,524,2,AK,Alaska,Quarantine,1,1,1,1,20200421,20200421,20200519,,AK0009,,,,,Extends 14-day quarantine for all people arriving in Alaska from any point of origin (international or interstate). Provided on online version of Health Mandate 010: International and Interstate Travel – Order for Self-Quarantine,https://covid19.alaska.gov/health-mandates/,Alaska0019,20200426,,https://covid19.alaska.gov/health-mandates/,
AK0021,524,2,AK,Alaska,BusinessHealthSafety,1,1,1,1,20200422,20200424,,,,,,,,"For all NE businesses. Social distancing: reservations only, cloth face coverings required of all employees, no more than 20 customers or 25% maximum capacity (whichever is smaller), at least 6 ft betweeen individuals and household groups, establish a COVID-19 mitigation plan. Hygiene: employer must provide handwashing capability or sanitizer, frequent handwashing for employees, employer must provide hourly touch-point sanitation. Staffing: must conduct pre-shift screening, no employee allowed to come to work within 72 hours of having a fever. Cleaning and disinfecting: must be conducted in compliance with CDC protocols, active cleaning immediately or shutting down for 72 hours if employee becomes COVID-19 positive with testing.",https://covid19.alaska.gov/wp-content/uploads/2020/04/0425-COVID-MANDATE-016-ALL.pdf,Alaska0014,20200426,,https://covid19.alaska.gov/health-mandates/,
AK0023,524,2,AK,Alaska,BusinessHealthSafety,1,1,1,1,20200422,20200424,,,,,,,,"General: social distancing protocol maintained, develop COVID-19 mitigan plan for employees and customers. Capacity: groups are limited to household members only, maximum indoor capacity is 25%, no more than 20 tables outside. Operations: reservations only (no walk-ins allowed), cloth coverings required of all employees, disposableware and single use condiments, fully sanitize tables after each group, sanitize or provide disposable menus, hourly touch-point sanitization. Hygiene: must provide handwashing capacity or sanitizer, frequent handwashing required. Staffing: conduct pre-shift screening, no person can work if ill or within 72 hours of having a fever. Cleaning and disinfecting: must follow CDC protocols",https://covid19.alaska.gov/wp-content/uploads/2020/04/0425-COVID-MANDATE-016-ALL.pdf,Alaska0014,20200426,,https://covid19.alaska.gov/health-mandates/,
AK0019,524,2,AK,Alaska,NEBusinessClose,1,1,1,1,20200422,20200424,,,,,AK0032,,AK0021,"Non-essential businesses can resume operations if they meet specified social distancing requirements, hygiene protocols, staffing requirements, cleaning and disinfecting. Retail businesses have same protocols, but also are encouraged to do entryway, curbside and home delivery, telephone and online ordering for contactless pickup and delivery, cashless and receiptless transactions. Personal care services also have specific guidelines (e.g., no people allowed in waiting area, one customer per staff person at a time, customers have to undergo a pre-visit telephone screening for symptoms consistent with COVID-19, customers must also wear cloth coverings). ",https://covid19.alaska.gov/wp-content/uploads/2020/04/0425-COVID-MANDATE-016-ALL.pdf,Alaska0014,20200426,,https://covid19.alaska.gov/health-mandates/,
AK0022,524,2,AK,Alaska,RestaurantRestrict,1,1,1,1,20200422,20200424,,,,,AK0033,,AK0023,"Restaurants (but not bars) may resume table-service dining if they meet all healthy and safety requirements. In addition to requirements, encouraged to continue entryway, curbside and home delivery, telephone and online ordering, cashless and receiptless transactions, and having customers enter and exit through different doors (one way traffic)",https://covid19.alaska.gov/wp-content/uploads/2020/04/0425-COVID-MANDATE-016-ALL.pdf,Alaska0014,20200426,,https://covid19.alaska.gov/health-mandates/,
AK0028,524,2,AK,Alaska,TravelRestrictIntra,1,1,1,1,20200422,20200424,,,,,AK0012,,,"Eases travel restrictions under AK0012 to allow intrastrate travel and outdoor recreation as long as only household members travel together in the same vehicle, adhere to social distancing outside of transport, using cloth masks if/when engaging with a third party vendor (eg, stopping for gas or food).",https://covid19.alaska.gov/wp-content/uploads/2020/04/0425-COVID-MANDATE-016-ALL.pdf,Alaska0014,20200426,,https://covid19.alaska.gov/health-mandates/,
AK0031,524,2,AK,Alaska,CaseIsolation,1,1,1,1,20200424,20200424,,,,,,,,"(quote) Any family member who is ill with COVID-19 must be immediately isolated in their home or permitted place of residence of isolation (quote). Details how people who exhibit symptoms of COVID-19 must not leave their dwelling within 72 hours of their last fever, and then individuals who have known exposure to indivduals who tested positive for COVID-19 shall self-quarantine for 14 days following the last exposure. Also refers to CDC guidelines https://www.cdc.gov/coronavirus/2019-ncov/if-you-are-sick/index.html?CDC_AA_refVal=https%3A%2F%2Fwww.cdc.gov%2Fcoronavirus%2F2019-ncov%2Fhcp%2Fguidance-prevent-spread.html",https://covid19.alaska.gov/wp-content/uploads/2020/04/0425-COVID-MANDATE-016-ALL.pdf,Alaska0014,20200426,,https://covid19.alaska.gov/health-mandates/,
AK0036,524,2,AK,Alaska,GathRestrict25,1,1,1,1,20200424,20200424,,,,,AK0006,,AK0029,"No gathering larger than 20 people is allowed, which includes the minimum number of necessary personnel to facilitate the event, or 25 percent maximum occupancy (whichever is smaller). Gatherings including non-household members, cloth face coverings must be worn, whenever possible. Also applies to religious gatherings.",https://covid19.alaska.gov/wp-content/uploads/2020/04/0425-COVID-MANDATE-016-ALL.pdf,Alaska0014,20200426,,https://covid19.alaska.gov/health-mandates/,
AK0026,524,2,AK,Alaska,GathRestrictAny,1,1,1,1,20200424,20200424,,,AK0007,,,,,"Gathering restrictions are extended, though no longer restricted to no more than 10.",https://covid19.alaska.gov/wp-content/uploads/2020/04/0425-COVID-MANDATE-016-ALL.pdf,Alaska0014,20200426,,https://covid19.alaska.gov/health-mandates/,
AK0029,524,2,AK,Alaska,PublicMask,0,1,1,1,20200424,20200424,,,,AK0027,,,,"(quote) In all gatherings that include multiple households, cloth face coverings should be worn by all participants (quote)",https://covid19.alaska.gov/wp-content/uploads/2020/04/0425-COVID-MANDATE-016-ALL.pdf,Alaska0014,20200426,,https://covid19.alaska.gov/health-mandates/,
AK0030,524,2,AK,Alaska,Quarantine,1,1,1,1,20200424,20200424,,,AK0037,,,,,"Extends mandate for interstate travel (AK0009), requiring 14-day quarantine upon arriving or returning to Alaska irrespective of point of origin",https://covid19.alaska.gov/wp-content/uploads/2020/04/0425-COVID-MANDATE-016-ALL.pdf,Alaska0014,20200426,,https://covid19.alaska.gov/health-mandates/,
AK0024,524,2,AK,Alaska,StayAtHome,1,1,1,1,20200424,20200424,,,,,,AK0034,,(quote) Individuals are no longer required to stay home as previously required (quote). Ends StayAtHome on 20200424.,https://covid19.alaska.gov/wp-content/uploads/2020/04/0425-COVID-MANDATE-016-ALL.pdf,Alaska0014,20200426,,https://covid19.alaska.gov/health-mandates/,
GA0001,533,13,GA,Georgia,EmergDec,1,1,1,1,20200314,20200314,20200414,,,,,,,"Public Health State of Emergency declared. Date of expiry is 1159 pm on 20200413, so coded to 20200414",https://gov.georgia.gov/document/2020-executive-order/3142002/download,Georgia0001,20200421,Added expiry date of 20200414 per order,https://gov.georgia.gov/executive-action/executive-orders/2020-executive-orders,
GA0002,533,13,GA,Georgia,SchoolClose,1,1,1,1,20200316,20200318,20200401,,,,,,,"Closes all public elementary, secondary, and post-secondary schools on 20200318. Will remain closed through 2020031, so expiry is 20200401",https://gov.georgia.gov/document/2020-executive-order/03162001/download,Georgia0002,20200422,,https://gov.georgia.gov/executive-action/executive-orders/2020-executive-orders,
GA0003,533,13,GA,Georgia,GathRestrict10,1,1,1,1,20200323,20200324,20200406,,,,,,,"(Quote) no business, establishment, corporation, nonprofit corporation, or organization shall allow more than ten (10) persons to be gathered at a single location if such gatherings requires persons to stand or be seated within six (6) feet of other person (quote). Goes into effect at 12 pm on 20200324, expires at 12 pm 20200406",https://gov.georgia.gov/document/2020-executive-order/03232001/download,Georgia0003,20200421,Added expiry date of 20200406 per 20200323 order,https://gov.georgia.gov/executive-action/executive-orders/2020-executive-orders,
GA0004,533,13,GA,Georgia,GathRestrictAny,1,1,1,1,20200323,20200324,20200406,,,,,,,"(Quote) no business, establishment, corporation, nonprofit corporation, or organization shall allow more than ten (10) persons to be gathered at a single location if such gatherings requires persons to stand or be seated within six (6) feet of other person (quote). Goes into effect at 12 pm on 20200324, expires at 12 pm 20200406",https://gov.georgia.gov/document/2020-executive-order/03232001/download,Georgia0003,20200421,Added expiry date of 20200406 per 20200323 order,https://gov.georgia.gov/executive-action/executive-orders/2020-executive-orders,
GA0005,533,13,GA,Georgia,OtherBusinessClose,1,1,1,1,20200323,20200324,20200406,,,,,,,"Closure required: bars, nightclubs. Goes into effect at 12 pm on 20200324, expires at 12 pm on 20200406",https://gov.georgia.gov/document/2020-executive-order/03232001/download,Georgia0003,20200324,,https://gov.georgia.gov/executive-action/executive-orders/2020-executive-orders,
GA0006,533,13,GA,Georgia,StayAtHome,1,0,1,0,20200323,20200324,20200406,,,,,,,"Issued 2020323 shelter in place for specific populations only. (quote) who have serious underlying conditions likely to cause an increased spread of COVID-19, if such persons were to become infected (quote), persons living in nursing homes or long term care, people with chronic lung disease, people undergoing cancer treatment, individuals in the DPH Administrative Order 03.022.20.01",https://gov.georgia.gov/document/2020-executive-order/03232001/download,Georgia0003,20200326,,https://gov.georgia.gov/executive-action/executive-orders/2020-executive-orders,
GA0008,533,13,GA,Georgia,SchoolClose,1,1,1,1,20200326,20200326,20200425,,GA0002,,,,,"Extends closure for public elementary and secondary schools for in-person instruction through 20200424, so coded to expire on 20200425. Closure for public post-secondary schools for in-person instruction through the end of the semester (with limited exceptions - not specificied)",https://gov.georgia.gov/document/2020-executive-order/03262002/download,Georgia0004,20200424,"Updated expiry to 20200425, as the EO phrasing is (quote) through 20200424",https://gov.georgia.gov/executive-action/executive-orders/2020-executive-orders,
GA0009,533,13,GA,Georgia,SchoolClose,1,1,1,1,20200401,20200401,,,GA0008,,,,,"Extends closure for public elementary, secondary, and post-secondary schools for in-person instruction through the end of the 2019-2020 academic year.",https://gov.georgia.gov/document/2020-executive-order/04012001/download,Georgia0005,20200421,,https://gov.georgia.gov/executive-action/executive-orders/2020-executive-orders,
GA0015,533,13,GA,Georgia,BusinessHealthSafety,1,1,1,1,20200402,20200403,20200414,,,,,,,"Businesses not considered critical infrastructure shall only engage in minimum basic operations and health measures shall include: screening and evaluating workers who show signs of illness (eg fever, cough, shortness of breath), require workers to not report to work, enhanced sanitation, requiring hand washing and sanitation, providing PPE as available and appropriate, prohibiting gatherings of workers during working hours, holding all meetings and conferences virtually when possible, prohibiting handshaking and unnecssary person-to-person contact, increasing physical space between workers' worksites to at least 6 ft, etc",https://gov.georgia.gov/document/2020-executive-order/04202001/download,Georgia0006,20200421,,https://gov.georgia.gov/executive-action/executive-orders/2020-executive-orders,
GA0017,533,13,GA,Georgia,GathRestrict10,1,1,1,1,20200402,20200403,20200414,,GA0003,GA0003,,,,Extends GA0003 gathering restriction to 1159 pm 20200413 (so coded to 20200414). Expands to explicitly apply to county and municipal government.,https://gov.georgia.gov/document/2020-executive-order/04022001/download,Georgia0006,20200424,Extension of original GathRestrict10 order,https://gov.georgia.gov/executive-action/executive-orders/2020-executive-orders,
GA0018,533,13,GA,Georgia,GathRestrictAny,1,1,1,1,20200402,20200403,20200414,,GA0004,GA0004,,,,Extends GA0003 gathering restriction to 1159 pm 20200413 (so coded to 20200414). Expands to explicitly apply to county and municipal government.,https://gov.georgia.gov/document/2020-executive-order/04022001/download,Georgia0006,20200424,Extension of original GathRestrictAny order,https://gov.georgia.gov/executive-action/executive-orders/2020-executive-orders,
GA0012,533,13,GA,Georgia,OtherBusinessClose,1,1,1,1,20200402,20200403,20200414,,,GA0005,,,,"Order expands businesses closed to: gyms, fitness centers, bowling alleys, theaters, live performance venues, and amusement parks, body art studios, hair designers, massage therapy.",https://gov.georgia.gov/document/2020-executive-order/04022001/download,Georgia0006,20200424,,https://gov.georgia.gov/executive-action/executive-orders/2020-executive-orders,
GA0014,533,13,GA,Georgia,RestaurantRestrict,1,1,1,1,20200402,20200403,20200414,,,,,,,"Limited operations (takeout, curbside pick-up, and delivery) required: restaurants and social clubs with dine-in services",https://gov.georgia.gov/document/2020-executive-order/04022001/download,Georgia0006,20200421,,https://gov.georgia.gov/executive-action/executive-orders/2020-executive-orders,
GA0007,533,13,GA,Georgia,StayAtHome,1,1,1,1,20200402,20200403,20200414,,,GA0006,,,,"Issued 2020401 for 6pm the next day, initial expiry is 1159 pm on 20200413 (so coded to 20200414). Expands previous order to include all residents not only immunocompromised. ",https://gov.georgia.gov/document/2020-executive-order/04022001/download,Georgia0006,20200421,Updated DateExpiry to 20200414 because it expires at 1159 pm 20200413,https://gov.georgia.gov/executive-action/executive-orders/2020-executive-orders,
GA0019,533,13,GA,Georgia,BusinessHealthSafety,1,1,1,1,20200408,20200408,20200501,,GA0015,,,,,Renewing Public Health of Emergency declaration involved formally extending Executive Order 04.02.20.01 until 1159 pm on 20200430 (coded to 20200501),https://gov.georgia.gov/document/2020-executive-order/04082002/download,Georgia0008,20200424,Updated DateExpiry to20200501 because it expires at 1159 pm on 20200430,https://gov.georgia.gov/executive-action/executive-orders/2020-executive-orders,
GA0011,533,13,GA,Georgia,EmergDec,1,1,1,1,20200408,20200408,20200514,,GA0001,,,,,Extends Public Health State of Emergency through 1159 pm on 20200513 (so coded to 20200514). Includes multiple extensions of other policies,https://gov.georgia.gov/document/2020-executive-order/04082002/download,Georgia0008,20200424,,https://gov.georgia.gov/executive-action/executive-orders/2020-executive-orders,
GA0020,533,13,GA,Georgia,GathRestrict10,1,1,1,1,20200408,20200408,20200501,,GA0017,,,,,Renewing Public Health of Emergency declaration involved formally extending Executive Order 04.02.20.01 until 1159 pm on 20200430 (coded to 20200501),https://gov.georgia.gov/document/2020-executive-order/04082002/download,Georgia0008,20200424,Updated DateExpiry to20200501 because it expires at 1159 pm on 20200430,https://gov.georgia.gov/executive-action/executive-orders/2020-executive-orders,
GA0021,533,13,GA,Georgia,GathRestrictAny,1,1,1,1,20200408,20200408,20200501,,GA0018,,,,,Renewing Public Health of Emergency declaration involved formally extending Executive Order 04.02.20.01 until 1159 pm on 20200430 (coded to 20200501),https://gov.georgia.gov/document/2020-executive-order/04082002/download,Georgia0008,20200424,Updated DateExpiry to20200501 because it expires at 1159 pm on 20200430,https://gov.georgia.gov/executive-action/executive-orders/2020-executive-orders,
GA0022,533,13,GA,Georgia,OtherBusinessClose,1,1,1,1,20200408,20200408,20200501,,GA0012,,,,,Renewing Public Health of Emergency declaration involved formally extending Executive Order 04.02.20.01 until 1159 pm on 20200430 (coded to 20200501),https://gov.georgia.gov/document/2020-executive-order/04082002/download,Georgia0008,20200424,Updated DateExpiry to20200501 because it expires at 1159 pm on 20200430,https://gov.georgia.gov/executive-action/executive-orders/2020-executive-orders,
GA0023,533,13,GA,Georgia,RestaurantRestrict,1,1,1,1,20200408,20200408,20200501,,GA0014,,,,,Renewing Public Health of Emergency declaration involved formally extending Executive Order 04.02.20.01 until 1159 pm on 20200430 (coded to 20200501),https://gov.georgia.gov/document/2020-executive-order/04082002/download,Georgia0008,20200424,Updated DateExpiry to20200501 because it expires at 1159 pm on 20200430,https://gov.georgia.gov/executive-action/executive-orders/2020-executive-orders,
GA0010,533,13,GA,Georgia,StayAtHome,1,1,1,1,20200408,20200408,20200501,,GA0007,,,,,Renewing Public Health of Emergency declaration involved formally extending Executive Order 04.02.20.01 until 1159 pm on 20200430 (coded to 20200501),https://gov.georgia.gov/document/2020-executive-order/04082002/download,Georgia0008,20200421,Updated DateExpiry to20200501 because it expires at 1159 pm on 20200430,https://gov.georgia.gov/executive-action/executive-orders/2020-executive-orders,
GA0032,533,13,GA,Georgia,CaseIsolation,1,1,1,1,20200415,20200415,20200515,,,,,,,"Individuals with a positive or suspected COVID-19 infection must isolate at home or approved location. Individuals with COVID-19 exposure due to close contact with a person with positive or suspected COVID-19 infection must self-quaratine for 14 days. In effect for 30 days since issuance, so 20200515.",https://dph.georgia.gov/document/document/secondamendedaoiq41201pdf/download,Georgia0012,20200421,,https://gov.georgia.gov/executive-action/executive-orders/2020-executive-orders,
GA0016,533,13,GA,Georgia,BusinessHealthSafety,1,1,1,1,20200420,20200424,20200514,,GA0019,,,,,"Businesses may have in-person minimum basic operations but must have health measures, which shall include: screening and evaluating workers who show signs of illness (eg fever, cough, shortness of breath), require workers to not report to work, enhanced sanitation, requiring hand washing and sanitation, providing PPE as available and appropriate, prohibiting gatherings of workers during working hours, holding all meetings and conferences virtually when possible, prohibiting handshaking and unnecssary person-to-person contact, increasing physical space between workers' worksites to at least 6 ft, etc",https://gov.georgia.gov/document/2020-executive-order/04202001/download,Georgia0010,20200421,,https://gov.georgia.gov/executive-action/executive-orders/2020-executive-orders,
GA0024,533,13,GA,Georgia,GathRestrict10,1,1,1,1,20200420,20200420,20200514,,GA0020,,,,,"Extends GA0020 gathering restriction effective immediately. Order is in effect through the expiry of the extended Public Health State of Emergency (1159 pm on 20200514, coded to 20200515)",https://gov.georgia.gov/document/2020-executive-order/04202001/download,Georgia0010,20200424,,https://gov.georgia.gov/executive-action/executive-orders/2020-executive-orders,
GA0025,533,13,GA,Georgia,GathRestrictAny,1,1,1,1,20200420,20200420,20200514,,GA0021,,,,,"Extends GA0020 gathering restriction effective immediately. Order is in effect through the expiry of the extended Public Health State of Emergency (1159 pm on 20200514, coded to 20200515)",https://gov.georgia.gov/document/2020-executive-order/04202001/download,Georgia0010,20200424,,https://gov.georgia.gov/executive-action/executive-orders/2020-executive-orders,
GA0013,533,13,GA,Georgia,OtherBusinessClose,1,1,1,1,20200420,20200424,20200514,,,,GA0012,,GA0016,"Following businesses may begin in-person minimum basic operations: gyms, fitness centers, bowling alleys, body art studios, hair designers. Not all businesses under PID GA0012 can reopen under this order (i.e., theaters, live performance venues, and amusement parks are not yet allowed to reopen for in-person operations). These businesses covered under this order can only open if they follow the COVID-19 mitigation strategies outlined under GA0016 BusinessHealthSafety. Currently expires under the expiry date for the renewed Public Health State of Emergency declaration.",https://gov.georgia.gov/document/2020-executive-order/04202001/download,Georgia0010,20200421,,https://gov.georgia.gov/executive-action/executive-orders/2020-executive-orders,
GA0030,533,13,GA,Georgia,BusinessHealthSafety,1,1,1,1,20200423,20200427,20200514,,,,,,,"Explicitly lists out 39-point measures required for in-person dining services to resume (ie, goes above and beyond BusinessHealthSafety required for OtherBusinessClose easing). These include shift staggering, limiting contact between wait staff and patrons, requirements on sanitation between diners, food discard practices, etc.",https://gov.georgia.gov/document/2020-executive-order/04232002/download,Georgia0011,20200424,,https://gov.georgia.gov/executive-action/executive-orders/2020-executive-orders,
GA0027,533,13,GA,Georgia,GathRestrict10,1,1,1,1,20200423,20200501,20200514,,,,GA0024,,,"Eases GA0024 gathering restriction, allowing for gatherings of more than 10 if (quote) their grouping is transitory or incidental, or if their grouping is the result of being spread across more than one single Location (quote)",https://gov.georgia.gov/document/2020-executive-order/04232002/download,Georgia0011,20200424,,https://gov.georgia.gov/executive-action/executive-orders/2020-executive-orders,
GA0031,533,13,GA,Georgia,OtherBusinessClose,1,1,1,1,20200423,20200427,20200514,,GA0022,,,,,"Extends closure of the following businesses: public swimming pools, performance venues, operators of amusement rides, and bars.",https://gov.georgia.gov/document/2020-executive-order/04232002/download,Georgia0011,20200424,,https://gov.georgia.gov/executive-action/executive-orders/2020-executive-orders,
GA0033,533,13,GA,Georgia,OtherBusinessClose,1,1,1,1,20200423,20200427,20200514,,,,GA0022,,GA0016,Allows indoor theaters and cinemas to open if they follow provisions regulating them under the EO 04.23.20.02. A 20200427 EO clarifies that movie theaters could open on 20200427 https://gov.georgia.gov/document/2020-executive-order/04272001/download,https://gov.georgia.gov/document/2020-executive-order/04232002/download,Georgia0011,20200427,,https://gov.georgia.gov/executive-action/executive-orders/2020-executive-orders,
GA0026,533,13,GA,Georgia,PublicMask,0,1,1,1,20200423,20200501,20200514,,,,,,,"(quote) are strongly encouraged to wear face coverings as practical while outside their homes or residence, except when eating, drinking, or exercising outdoors (quote). In effect on 20200501 at 1200 am, expiry is 20200513 at 1159 pm (so coded to 20200514)",https://gov.georgia.gov/document/2020-executive-order/04232002/download,Georgia0011,20200424,,https://gov.georgia.gov/executive-action/executive-orders/2020-executive-orders,
GA0029,533,13,GA,Georgia,RestaurantRestrict,1,1,1,1,20200423,20200427,20200514,,,,GA0023,,GA0030,Eases restaurant restrictions by allowing in-person dining services if they maintain no more than 10 patrons per 500 square ft of space per dining location AND adhere to BusinessHealthSafety requirements under PID GA0016 in addition to dining-specific business ,https://gov.georgia.gov/document/2020-executive-order/04232002/download,Georgia0011,20200424,,https://gov.georgia.gov/executive-action/executive-orders/2020-executive-orders,
GA0028,533,13,GA,Georgia,StayAtHome,1,0,1,0,20200423,20200501,20200514,,,,GA0010,,,"Eases statewide StayAtHome order to only apply to individuals considered at higher risk for severe illness: persons 65+, those who live in nursing homes, with specific diseases (eg, chronic lung disease, moderate to severe asthma, severe heart disease, immunocompromised, with severe obesity, diabetes, liver disase, and chronic kidney disease on dialysis)",https://gov.georgia.gov/document/2020-executive-order/04232002/download,Georgia0011,20200424,,https://gov.georgia.gov/executive-action/executive-orders/2020-executive-orders,
MS0001,547,28,MS,Mississippi,EmergDec,1,1,1,1,20200314,20200314,,,,,,,,State of Emergency declared. No clear expiry date,https://www.sos.ms.gov/Content/documents/ed_pubs/proclamations/Proclamation_PublicHealth3.17.2020.pdf,Mississippi0001,20200324,,https://www.sos.ms.gov/Education-Publications/Pages/Executive-Orders.aspx,
MS0002,547,28,MS,Mississippi,SchoolClose,1,1,1,1,20200319,20200319,20200418,,,,,,,"Closes all Mississippi public schools through 20200417, so initial expiry is 20200418.",https://www.sos.ms.gov/content/executiveorders/ExecutiveOrders/1460.pdf,Mississippi0002,20200428,Updated DateExpiry to 20200418,https://www.sos.ms.gov/Education-Publications/Pages/Executive-Orders.aspx,
MS0006,547,28,MS,Mississippi,NEBusinessClose,1,0,0,1,20200321,20200331,20200415,,,,,,,"In effect at 10 pm on 20200331 and be in effect until 1159 pm 20200414, so coded to 20200415 expiry. All non-essential business operations are to cease within Lauderdale county",https://www.sos.ms.gov/Education-Publications/ExecutiveOrders/1465.pdf,Mississippi0004,20200428,Updated DateExpiry to 20200415,https://www.sos.ms.gov/Education-Publications/Pages/Executive-Orders.aspx,
MS0010,547,28,MS,Mississippi,OtherBusinessClose,1,0,0,1,20200321,20200331,20200415,,,,,,,"Other business closures occur with non-essential business closures. These include: fitness and exercise gyms, dance studios, clubs, tattoo parlors, spas, salons, barber shops, othe personal care or grooming businesses, amusement parks, museums, playgrounds, movie theaters, bowling alleys, and social clubs",https://www.sos.ms.gov/Education-Publications/ExecutiveOrders/1465.pdf,Mississippi0004,20200428,,https://www.sos.ms.gov/Education-Publications/Pages/Executive-Orders.aspx,
MS0003,547,28,MS,Mississippi,GathRestrict10,1,1,1,1,20200324,20200324,20200417,,,,,,,In effect 20200324 until 20200417. (quote) residents shall avoid social and non-essential gatherings in groups of more than 10 people (quote),https://www.sos.ms.gov/Education-Publications/ExecutiveOrders/1463.pdf,Mississippi0003,20200326,,https://www.sos.ms.gov/Education-Publications/Pages/Executive-Orders.aspx,
MS0004,547,28,MS,Mississippi,GathRestrictAny,1,1,1,1,20200324,20200324,20200417,,,,,,,In effect 20200324 until 20200417. (quote) residents shall avoid social and non-essential gatherings in groups of more than 10 people (quote),https://www.sos.ms.gov/Education-Publications/ExecutiveOrders/1463.pdf,Mississippi0003,20200326,,https://www.sos.ms.gov/Education-Publications/Pages/Executive-Orders.aspx,
MS0005,547,28,MS,Mississippi,RestaurantRestrict,1,1,1,1,20200324,20200324,20200417,,,,,,,"In effect 20200324 until 20200417. Restaurants, bars, and other dining establishments shall suspend dine-in services unless able to reduce capacity to allow no more than 10 people to be gathered in a single place. Drive-thru, carryout, and delivery are allowed and highly encouraged",https://www.sos.ms.gov/Education-Publications/ExecutiveOrders/1463.pdf,Mississippi0003,20200326,,https://www.sos.ms.gov/Education-Publications/Pages/Executive-Orders.aspx,
MS0007,547,28,MS,Mississippi,StayAtHome,1,0,0,1,20200331,20200331,20200415,,,,,,,"In effect at 10 pm on 20200331 and be in effect until 1159 pm 20200414, so coded to 20200415 expiry. Individuals in Lauderdale County are ordered to stay at home or place of residence",https://www.sos.ms.gov/Education-Publications/ExecutiveOrders/1465.pdf,Mississippi0004,20200428,Updated DateExpiry to 20200415,https://www.sos.ms.gov/Education-Publications/Pages/Executive-Orders.aspx,
MS0008,547,28,MS,Mississippi,NEBusinessClose,1,1,1,1,20200401,20200403,20200420,,MS0006,MS0006,,,,In effect at 5 pm on 20200403 at 5 pm until 8 am on 20200420. State-wide mandate - (quote) all business entities shall cease operation except for Minimum Operations (quote) in Section D.,https://www.sos.ms.gov/content/executiveorders/ExecutiveOrders/1466.pdf,Mississippi0005,20200428,Updated DateExpiry to 20200420,https://www.sos.ms.gov/Education-Publications/Pages/Executive-Orders.aspx,
MS0011,547,28,MS,Mississippi,OtherBusinessClose,1,1,1,1,20200401,20200403,20200420,,MS0010,MS0010,,,,"Other business closures occur with non-essential business closures. These include: fitness and exercise gyms, dance studios, clubs, tattoo parlors, spas, salons, barber shops, othe personal care or grooming businesses, amusement parks, museums, playgrounds, movie theaters, bowling alleys, and social clubs",https://www.sos.ms.gov/content/executiveorders/ExecutiveOrders/1466.pdf,Mississippi0005,20200428,,https://www.sos.ms.gov/Education-Publications/Pages/Executive-Orders.aspx,
MS0009,547,28,MS,Mississippi,StayAtHome,1,1,1,1,20200401,20200403,20200420,,MS0007,MS0007,,,,In effect at 5 pm on 20200403 at 5 pm until 8 am on 20200420. State-wide mandate - (quote) all individuals currently living in the State of Mississippi are ordered to stay at home or in their place of residence (quote),https://www.sos.ms.gov/content/executiveorders/ExecutiveOrders/1466.pdf,Mississippi0005,20200428,Updated DateExpiry to 20200420,https://www.sos.ms.gov/Education-Publications/Pages/Executive-Orders.aspx,
MS0019,547,28,MS,Mississippi,SchoolClose,1,1,1,1,20200414,20200414,,,MS0002,,,,,Public schools will remain closed for the rest of the year. ,https://www.sos.ms.gov/Pages/Governor-Tate-Reeves-Announces-Extended-School-Closures-to-Slow-the-Spread.aspx,Mississippi0007,20200428,No formal EO currently found,https://www.sos.ms.gov/Education-Publications/Pages/Executive-Orders.aspx,
MS0014,547,28,MS,Mississippi,BusinessHealthSafety,1,1,1,1,20200417,20200417,20200427,,,,,,,"Requires adherence to social distancing standards (mainintaing at least 6 ft distance between individuals), restrctions of gatherings of persons (no gatherings in groups of more than 10 people), regular and proper hand-washing and personal hygiene, and adherance to regulations or guidelines issued by MSDH and CDC",https://www.sos.ms.gov/content/executiveorders/ExecutiveOrders/1473.pdf,Mississippi0006,20200428,,https://www.sos.ms.gov/Education-Publications/Pages/Executive-Orders.aspx,
MS0016,547,28,MS,Mississippi,GathRestrict10,1,1,1,1,20200417,20200417,20200427,,MS0003,,,,,Extends original GathRestrict10 (MS0003) to 20200427,https://www.sos.ms.gov/content/executiveorders/ExecutiveOrders/1473.pdf,Mississippi0006,20200428,,https://www.sos.ms.gov/Education-Publications/Pages/Executive-Orders.aspx,
MS0017,547,28,MS,Mississippi,GathRestrictAny,1,1,1,1,20200417,20200417,20200427,,MS0004,,,,,Extends original GathRestrictAny (MS0004) to 20200427,https://www.sos.ms.gov/content/executiveorders/ExecutiveOrders/1473.pdf,Mississippi0006,20200428,,https://www.sos.ms.gov/Education-Publications/Pages/Executive-Orders.aspx,
MS0013,547,28,MS,Mississippi,NEBusinessClose,1,1,1,1,20200417,20200417,20200427,,,,MS0008,,MS0014,"Eases non-essential business closure to allow for drive-thru, curbside, or delivery services if business health safety standards are adhered to (i.e., social distancing requirements, no gatherings more than 10 people, regular and proper handwashing, following whatever other guidance MSDH and CDC may have implemented",https://www.sos.ms.gov/content/executiveorders/ExecutiveOrders/1473.pdf,Mississippi0006,20200428,,https://www.sos.ms.gov/Education-Publications/Pages/Executive-Orders.aspx,
MS0015,547,28,MS,Mississippi,OtherBusinessClose,1,1,1,1,20200417,20200417,20200427,,MS0011,,,,,"All other business (non-retail) closures remain until 20200427:  fitness and exercise gyms, dance studios, clubs, tattoo parlors, spas, salons, barber shops, other personal care or grooming businesses, amusement parks, museums, playgrounds, movie theaters, bowling alleys, and social clubs",https://www.sos.ms.gov/content/executiveorders/ExecutiveOrders/1473.pdf,Mississippi0006,20200428,,https://www.sos.ms.gov/Education-Publications/Pages/Executive-Orders.aspx,
MS0018,547,28,MS,Mississippi,RestaurantRestrict,1,1,1,1,20200417,20200417,20200427,,MS0005,,,,,Extends original RestaurantRestrict (MS0005) to 20200427,https://www.sos.ms.gov/content/executiveorders/ExecutiveOrders/1473.pdf,Mississippi0006,20200428,,https://www.sos.ms.gov/Education-Publications/Pages/Executive-Orders.aspx,
MS0012,547,28,MS,Mississippi,StayAtHome,1,1,1,1,20200417,20200417,20200427,,MS0009,,,,,Extends MS0009 to 8 am on 20200427.,https://www.sos.ms.gov/content/executiveorders/ExecutiveOrders/1473.pdf,Mississippi0006,20200428,,https://www.sos.ms.gov/Education-Publications/Pages/Executive-Orders.aspx,
MS0019,547,28,MS,Mississippi,SchoolClose,1,1,1,1,20200422,20200422,,,MS0019,,,,,Closes all Mississippi public school buildings through the remainder of 2019-2020 academic year. ,https://www.sos.ms.gov/content/executiveorders/ExecutiveOrders/1476.pdf,Mississippi0008,20200428,,https://www.sos.ms.gov/Education-Publications/Pages/Executive-Orders.aspx,
MS0021,547,28,MS,Mississippi,GathRestrict10,1,1,1,1,20200424,20200427,20200511,,MS0016,,,,,Extends GathRestrict10 (MS0016) to 20200511,https://www.sos.ms.gov/content/executiveorders/ExecutiveOrders/1477.pdf,Mississippi0009,20200428,,https://www.sos.ms.gov/Education-Publications/Pages/Executive-Orders.aspx,
MS0022,547,28,MS,Mississippi,GathRestrictAny,1,1,1,1,20200424,20200427,20200511,,MS0017,,,,,Extends GathRestrictAny (MS0017) to 20200511,https://www.sos.ms.gov/content/executiveorders/ExecutiveOrders/1477.pdf,Mississippi0009,20200428,,https://www.sos.ms.gov/Education-Publications/Pages/Executive-Orders.aspx,
MS0024,547,28,MS,Mississippi,NEBusinessClose,1,1,1,1,20200424,20200427,20200511,,,,MS0013,,,"Further eases retail business restrictions, allowing for in-person services for as long as they limit customers to no more than 50% capacity, frequent cleaning of high contact surfaces. Encouraged to have hand sanitizer available upon entry",https://www.sos.ms.gov/content/executiveorders/ExecutiveOrders/1477.pdf,Mississippi0009,20200428,,https://www.sos.ms.gov/Education-Publications/Pages/Executive-Orders.aspx,
MS0025,547,28,MS,Mississippi,OtherBusinessClose,1,1,1,1,20200424,20200427,20200511,,,,MS0015,,,"Eases restrictions on a subset of businesses under MS0015: fitness and exercise gyms, dance studios, clubs, tattoo parlors, spas, salons, barbershops and other personal care/personal grooming facilities will remain closed to the public but can conduct retail sails via drive through, curbside, and/or delivery services.",https://www.sos.ms.gov/content/executiveorders/ExecutiveOrders/1477.pdf,Mississippi0009,20200428,,https://www.sos.ms.gov/Education-Publications/Pages/Executive-Orders.aspx,
MS0026,547,28,MS,Mississippi,OtherBusinessClose,1,1,1,1,20200424,20200427,20200511,,MS0015,,,,,"Other businesses previously under MS0015 have to remain closed: amusement parks, museums, playgrounds, movie theaters, bowling alleys, and social clubs",https://www.sos.ms.gov/content/executiveorders/ExecutiveOrders/1477.pdf,Mississippi0009,20200428,,https://www.sos.ms.gov/Education-Publications/Pages/Executive-Orders.aspx,
MS0023,547,28,MS,Mississippi,RestaurantRestrict,1,1,1,1,20200424,20200427,20200511,,MS0018,,,,,Extends RestaurantRestrict (MS0018) to 20200511,https://www.sos.ms.gov/content/executiveorders/ExecutiveOrders/1477.pdf,Mississippi0009,20200428,,https://www.sos.ms.gov/Education-Publications/Pages/Executive-Orders.aspx,
MS0020,547,28,MS,Mississippi,StayAtHome,0,1,1,1,20200424,20200427,20200511,,,,MS0012,,,"No longer mandates staying at home, encourages individuals to stay at home when engaged in essential activities. Also encourages vulnerable individuals to continue to stay at home, but does not provide a mandate to do so",https://www.sos.ms.gov/content/executiveorders/ExecutiveOrders/1477.pdf,Mississippi0009,20200428,,https://www.sos.ms.gov/Education-Publications/Pages/Executive-Orders.aspx,
SC0001,563,45,SC,South Carolina,EmergDec,1,1,1,1,20200313,20200313,20200328,,,,,,,"State of Emergency Declaration, expires fifteen days from declaration",https://governor.sc.gov/sites/default/files/Documents/Executive-Orders/2020-03-13%20FILED%20Executive%20Order%20No.%202020-08%20-%20State%20of%20Emergency%20Due%20to%20Coronavirus%20(COVID-19).pdf,SouthCarolina0001,20200421,Noted original expiry,https://governor.sc.gov/executive-branch/executive-orders,
SC0002,563,45,SC,South Carolina,SchoolClose,1,0,0,1,20200313,20200316,20200330,,,,,,,Closed public schools (including universities and technical colleges) in Kershaw and Lancaster counties beginning 20200316 for 14 days (so expiry is 20200330). This was included in the state of emergency declaration.,https://governor.sc.gov/sites/default/files/Documents/Executive-Orders/2020-03-13%20FILED%20Executive%20Order%20No.%202020-08%20-%20State%20of%20Emergency%20Due%20to%20Coronavirus%20(COVID-19).pdf,SouthCarolina0001,20200426,,https://governor.sc.gov/executive-branch/executive-orders,
SC0003,563,45,SC,South Carolina,GathRecomAny,0,1,1,1,20200315,20200315,,,,,,,,"(quote) I urge that indoor and outdoor public gatherings be cancelled, postponed, or rescheduled, to the extent possible, or limited so as to not exceed 100 people (quote) - no original expiry date specified. ",https://governor.sc.gov/sites/default/files/Documents/Executive-Orders/2020-03-15%20FILED%20Executive%20Order%20No.%202020-09%20-%20Closing%20Schools%20Cancelling%20Elections%20Other%20Provisions%20Due%20to%20COVID-19.pdf,SouthCarolina0002,20200324,,https://governor.sc.gov/executive-branch/executive-orders,
SC0004,563,45,SC,South Carolina,SchoolClose,1,1,1,1,20200315,20200316,20200401,,SC0002,SC0002,,,,All public schools (including universities and technical colleges) are closed starting on 20200316. Extends school closure by 3 days and expands it to all counties,https://governor.sc.gov/sites/default/files/Documents/Executive-Orders/2020-03-15%20FILED%20Executive%20Order%20No.%202020-09%20-%20Closing%20Schools%20Cancelling%20Elections%20Other%20Provisions%20Due%20to%20COVID-19.pdf,SouthCarolina0002,20200424,Added DateExpiry of 20200401,https://governor.sc.gov/executive-branch/executive-orders,
SC0005,563,45,SC,South Carolina,GathRestrict50,1,1,1,1,20200317,20200318,20200401,,,SC0003,,,,"Initial expiry is through 20200331, see section 5 of EO.",https://governor.sc.gov/sites/default/files/Documents/Executive-Orders/2020-03-17%20eFILED%20Executive%20Order%20No.%202020-10%20-%20Directing%20Additional%20Emergency%20Measures%20Due%20to%20COVID-19.pdf,SouthCarolina0003,20200424,Added DateExpiry of 20200401,https://governor.sc.gov/executive-branch/executive-orders,
SC0006,563,45,SC,South Carolina,GathRestrictAny,1,1,1,1,20200317,20200318,20200401,,,SC0003,,,,"Initial expiry is through 20200331, see section 5 of EO.",https://governor.sc.gov/sites/default/files/Documents/Executive-Orders/2020-03-17%20eFILED%20Executive%20Order%20No.%202020-10%20-%20Directing%20Additional%20Emergency%20Measures%20Due%20to%20COVID-19.pdf,SouthCarolina0003,20200424,Added DateExpiry of 20200401,https://governor.sc.gov/executive-branch/executive-orders,
SC0007,563,45,SC,South Carolina,RestaurantRestrict,1,1,1,1,20200317,20200318,20200401,,,,,,,"Limited operations required (off-premise consumption only): restaurants, bars. Initial expiry is through 20200331, see section 4. Subsequently coded to 20200401",https://governor.sc.gov/sites/default/files/Documents/Executive-Orders/2020-03-17%20eFILED%20Executive%20Order%20No.%202020-10%20-%20Directing%20Additional%20Emergency%20Measures%20Due%20to%20COVID-19.pdf,SouthCarolina0003,20200424,Added DateExpiry of 20200401,https://governor.sc.gov/executive-branch/executive-orders,
SC0008,563,45,SC,South Carolina,GathRestrict5,1,1,1,1,20200323,20200323,20200328,,,SC0005,,,,"Expires at the expiration of the emergency order, so coded to 20200328. Note that this restriction actually mandates gatherings to 3 or less, see section 1C. This then expands the restriction under SC0005",https://governor.sc.gov/sites/default/files/Documents/Executive-Orders/2020-03-23%20eFILED%20Executive%20Order%20No.%202020-13%20-%20Authorizing%20Law%20Enforcement%20to%20Preserve%20Public%20Health.pdf,SouthCarolina0004,20200426,Added DateExpiry of 20200328 per first state of emergency declaration,https://governor.sc.gov/executive-branch/executive-orders,
SC0011,563,45,SC,South Carolina,Quarantine,1,1,1,1,20200327,20200327,20200328,,,,,,,"Mandates 14 day quarantine on people entering from New York, New Jersey, Connecticut, and New Orleans, Louisiana. Expires when emergency order expires, so 20200328",https://governor.sc.gov/sites/default/files/Documents/Executive-Orders/2020-03-27%20eFILED%20Executive%20Order%20No.%202020-14%20-%20Self-Quarantine%20for%20Individuals%20from%20High-Risk%20Areas.pdf,SouthCarolina0005,20200426,Added DateExpiry of 20200328 per first state of emergency declaration,https://governor.sc.gov/executive-branch/executive-orders,
SC0020,563,45,SC,South Carolina,EmergDec,1,1,1,1,20200328,20200328,20200412,,SC0001,,,,,"(quote) an actual, ongoing, and evolving public health threat to the State of South Carolina, which now represents a new and distinct emergency and requires additional proactive action (quote), original expiry is 15 days from issue date; see section 2c for notes on higher ed institutions, includes charter schools in school closures. Also extends previous policies enacted other EOs: 2020-07, 2020-09, 2020-10, 2020-11, 2020-12, 2020-13, and 2020-14",https://governor.sc.gov/sites/default/files/Documents/Executive-Orders/2020-03-28%20eFILED%20Executive%20Order%20No.%202020-15%20-%20State%20of%20Emergency%20Due%20to%20COVID-19%20Pandemic.pdf,SouthCarolina0006,20200421,,https://governor.sc.gov/executive-branch/executive-orders,
SC0026,563,45,SC,South Carolina,GathRestrict5,1,1,1,1,20200328,20200329,20200412,,SC0008,,,,,Extends GathRestrict5 under extended State of Emergency (which extends 2020-13),https://governor.sc.gov/sites/default/files/Documents/Executive-Orders/2020-03-28%20eFILED%20Executive%20Order%20No.%202020-15%20-%20State%20of%20Emergency%20Due%20to%20COVID-19%20Pandemic.pdf,SouthCarolina0006,20200426,,https://governor.sc.gov/executive-branch/executive-orders,
SC0025,563,45,SC,South Carolina,GathRestrictAny,1,1,1,1,20200328,20200328,20200412,,SC0006,,,,,Extends GathRestrictAny under extended State of Emergency (which extends 2020-10),https://governor.sc.gov/sites/default/files/Documents/Executive-Orders/2020-03-28%20eFILED%20Executive%20Order%20No.%202020-15%20-%20State%20of%20Emergency%20Due%20to%20COVID-19%20Pandemic.pdf,SouthCarolina0006,20200426,,https://governor.sc.gov/executive-branch/executive-orders,
SC0028,563,45,SC,South Carolina,Quarantine,1,1,1,1,20200328,20200329,20200412,,SC0011,,,,,Extends Quarantine under extended State of Emergency (which extends 2020-14),https://governor.sc.gov/sites/default/files/Documents/Executive-Orders/2020-03-28%20eFILED%20Executive%20Order%20No.%202020-15%20-%20State%20of%20Emergency%20Due%20to%20COVID-19%20Pandemic.pdf,SouthCarolina0006,20200426,,https://governor.sc.gov/executive-branch/executive-orders,
SC0027,563,45,SC,South Carolina,RestaurantRestrict,1,1,1,1,20200328,20200329,20200412,,SC0007,,,,,Extends RestaurantRestrict under extended State of Emergency  (which extends 2020-10),https://governor.sc.gov/sites/default/files/Documents/Executive-Orders/2020-03-28%20eFILED%20Executive%20Order%20No.%202020-15%20-%20State%20of%20Emergency%20Due%20to%20COVID-19%20Pandemic.pdf,SouthCarolina0006,20200426,,https://governor.sc.gov/executive-branch/executive-orders,
SC0009,563,45,SC,South Carolina,SchoolClose,1,1,1,1,20200328,20200328,20200412,,SC0004,SC0004,,,,"Updated EmergDec extends school closure, authorizes higher educational institutions to teach remotely. Also expands to charter schools.",https://governor.sc.gov/sites/default/files/Documents/Executive-Orders/2020-03-28%20eFILED%20Executive%20Order%20No.%202020-15%20-%20State%20of%20Emergency%20Due%20to%20COVID-19%20Pandemic.pdf,SouthCarolina0006,20200421,"Updated issue and enact dates based on EO language, noted original expiry ",https://governor.sc.gov/executive-branch/executive-orders,
SC0034,563,45,SC,South Carolina,OtherBusinessClose,1,1,1,1,20200330,20200330,20200412,,,,,,,"Closes all public beaches and water access, including parking lots and piers, docks, warfs, boat ramps, and boat landings. ",https://governor.sc.gov/sites/default/files/Documents/Executive-Orders/2020-03-30%20eFILED%20Executive%20Order%20No.%202020-16%20-%20Emergency%20Access%20Restrictions%20for%20Public%20Beaches%20%26%20Waters%20Due%20to%20COVID-19%20Pandemic.pdf,SouthCarolina0011,20200426,,https://governor.sc.gov/executive-branch/executive-orders,
SC0012,563,45,SC,South Carolina,OtherBusinessClose,1,1,1,1,20200331,20200401,20200412,,,,,,,"Closes additional non-essential businesses but does not go to full NEBusinessClose. Businesses groups listed for closure are entertainment venues and facilities, recreational and athletic facilities, and close contact service providers. In effect at 5 pm on 20200401, stays in effect until end of state of emergency",https://governor.sc.gov/sites/default/files/Documents/Executive-Orders/2020-03-31%20eFILED%20Executive%20Order%20No.%202020-17%20-%20Closure%20of%20Non-Essential%20Businesses.pdf,SouthCarolina0007,20200426,Updated DateExpiry to 20200412 per expiry of emergency declaration,https://governor.sc.gov/executive-branch/executive-orders,
SC0013,563,45,SC,South Carolina,OtherBusinessClose,1,1,1,1,20200403,20200406,20200412,,,SC0012,,,,"Closes additional non-essential businesses, specifically retail stores' in-person services. In effect on 20200406 at 5 pm. Expires with latest State of Emergency",https://governor.sc.gov/sites/default/files/Documents/Executive-Orders/2020-04-03%20eFILED%20Executive%20Order%20No.%202020-18%20-%20Closure%20of%20Additional%20Non-Essential%20Businesses.pdf,SouthCarolina008,20200426,Updated DateExpiry to 20200412 per expiry of emergency declaration,https://governor.sc.gov/executive-branch/executive-orders,
SC0024,563,45,SC,South Carolina,BusinessHealthSafety,1,1,1,1,20200406,20200407,20200412,,,,,,,"Under Section I, stipulates health safety expectations for all other businesses not closed: maximum occupancy rate (no more than 5 customers per 1,000 sq ft or 20 percent of maximum occupancy, whichever is less), social distancing practices (must maintain at least 6 ft distances), and sanitation (reasonable steps to comply with sanitation guidelines).",https://governor.sc.gov/sites/default/files/Documents/Executive-Orders/2020-04-06%20eFILED%20Executive%20Order%20No.%202020-21%20-%20Stay%20at%20Home%20or%20Work%20Order.pdf,SouthCarolina0009,20200426,,https://governor.sc.gov/executive-branch/executive-orders,
SC0014,563,45,SC,South Carolina,StayAtHome,1,1,1,1,20200406,20200407,20200412,,,,,,,Allows for attending religious services. Enacted 20200407 at 5pm and stays in effect for the duration of the State of Emergency (so 20200412),https://governor.sc.gov/sites/default/files/Documents/Executive-Orders/2020-04-06%20eFILED%20Executive%20Order%20No.%202020-21%20-%20Stay%20at%20Home%20or%20Work%20Order.pdf,SouthCarolina0009,20200426,Added DateExpiry of 20200412 per state of emergency,https://governor.sc.gov/executive-branch/executive-orders,
SC0039,563,45,SC,South Carolina,BusinessHealthSafety,1,1,1,1,20200412,20200412,20200427,,SC0024,,,,,Extends business safety mandates under extended State of Emergency (which 2020-21),https://governor.sc.gov/sites/default/files/Documents/Executive-Orders/2020-04-12%20eFILED%20Executive%20Order%20No.%202020-23%20-%20Third%20State%20of%20Emergency%20Due%20to%20COVID-19%20Pandemic.pdf,SouthCarolina0010,20200426,,https://governor.sc.gov/executive-branch/executive-orders,
SC0016,563,45,SC,South Carolina,EmergDec,1,1,1,1,20200412,20200412,20200427,,SC0020,,,,,"Expires 15 days from issuance date. Extends the following EOs: 2020-07, 2020-09, 2020-11, 2020-12, 2020-13, 2020-14, 2020-16, 2020-18, 2020-19, 2020-21, 2020-22 through 20200427",https://governor.sc.gov/sites/default/files/Documents/Executive-Orders/2020-04-12%20eFILED%20Executive%20Order%20No.%202020-23%20-%20Third%20State%20of%20Emergency%20Due%20to%20COVID-19%20Pandemic.pdf,SouthCarolina0010,20200421,,https://governor.sc.gov/executive-branch/executive-orders,
SC0030,563,45,SC,South Carolina,GathRestrict5,1,1,1,1,20200412,20200412,20200427,,SC0026,,,,,Extends GathRestrict5 under extended State of Emergency (which extends 2020-13),https://governor.sc.gov/sites/default/files/Documents/Executive-Orders/2020-04-12%20eFILED%20Executive%20Order%20No.%202020-23%20-%20Third%20State%20of%20Emergency%20Due%20to%20COVID-19%20Pandemic.pdf,SouthCarolina0010,20200426,,https://governor.sc.gov/executive-branch/executive-orders,
SC0029,563,45,SC,South Carolina,GathRestrictAny,1,1,1,1,20200412,20200412,20200427,,SC0025,,,,,Extends GathRestrictAny under extended State of Emergency (which extends 2020-10),https://governor.sc.gov/sites/default/files/Documents/Executive-Orders/2020-04-12%20eFILED%20Executive%20Order%20No.%202020-23%20-%20Third%20State%20of%20Emergency%20Due%20to%20COVID-19%20Pandemic.pdf,SouthCarolina0010,20200426,,https://governor.sc.gov/executive-branch/executive-orders,
SC0033,563,45,SC,South Carolina,OtherBusinessClose,1,1,1,1,20200412,20200412,20200427,,SC0013,,,,,"Extends business closures under SC0013 (in-person retail), which expanded those under SC0012 (entertainment venues and facilities, recreational and athletic facilities, and close contact service providers) under extended State of Emergency",https://governor.sc.gov/sites/default/files/Documents/Executive-Orders/2020-04-12%20eFILED%20Executive%20Order%20No.%202020-23%20-%20Third%20State%20of%20Emergency%20Due%20to%20COVID-19%20Pandemic.pdf,SouthCarolina0010,20200426,,https://governor.sc.gov/executive-branch/executive-orders,
SC0035,563,45,SC,South Carolina,OtherBusinessClose,1,1,1,1,20200412,20200412,20200427,,SC0034,,,,,"Extends closure of public beaches and water access, including parking lots and piers, docks, warfs, boat ramps, and boat landings under extended State of Emergency (which extends EO 2020-16)",https://governor.sc.gov/sites/default/files/Documents/Executive-Orders/2020-04-12%20eFILED%20Executive%20Order%20No.%202020-23%20-%20Third%20State%20of%20Emergency%20Due%20to%20COVID-19%20Pandemic.pdf,SouthCarolina0010,20200426,,https://governor.sc.gov/executive-branch/executive-orders,
SC0032,563,45,SC,South Carolina,Quarantine,1,1,1,1,20200412,20200412,20200427,,SC0028,,,,,Extends Quarantine under extended State of Emergency (which extends 2020-14),https://governor.sc.gov/sites/default/files/Documents/Executive-Orders/2020-04-12%20eFILED%20Executive%20Order%20No.%202020-23%20-%20Third%20State%20of%20Emergency%20Due%20to%20COVID-19%20Pandemic.pdf,SouthCarolina0010,20200426,,https://governor.sc.gov/executive-branch/executive-orders,
SC0031,563,45,SC,South Carolina,RestaurantRestrict,1,1,1,1,20200412,20200412,20200427,,SC0027,,,,,Extends RestaurantRestrict under extended State of Emergency  (which extends 2020-10),https://governor.sc.gov/sites/default/files/Documents/Executive-Orders/2020-04-12%20eFILED%20Executive%20Order%20No.%202020-23%20-%20Third%20State%20of%20Emergency%20Due%20to%20COVID-19%20Pandemic.pdf,SouthCarolina0010,20200426,,https://governor.sc.gov/executive-branch/executive-orders,
SC0017,563,45,SC,South Carolina,SchoolClose,1,1,1,1,20200412,20200412,,,SC0009,,,,,Extends school closure through the end of the 2019-2020 academic year. ,https://governor.sc.gov/sites/default/files/Documents/Executive-Orders/2020-04-12%20eFILED%20Executive%20Order%20No.%202020-23%20-%20Third%20State%20of%20Emergency%20Due%20to%20COVID-19%20Pandemic.pdf,SouthCarolina0010,20200421,,https://governor.sc.gov/executive-branch/executive-orders,
SC0036,563,45,SC,South Carolina,StayAtHome,1,1,1,1,20200412,20200412,20200427,,SC0014,,,,,Extends stay at home order under extended State of Emergency (which 2020-21),https://governor.sc.gov/sites/default/files/Documents/Executive-Orders/2020-04-12%20eFILED%20Executive%20Order%20No.%202020-23%20-%20Third%20State%20of%20Emergency%20Due%20to%20COVID-19%20Pandemic.pdf,SouthCarolina0010,20200426,,https://governor.sc.gov/executive-branch/executive-orders,
SC0019,563,45,SC,South Carolina,OtherBusinessClose,1,1,1,1,20200416,20200417,20200427,,,,SC0035,,SC0039,"In effect until end of state of emergency, opens up public waters for use of recreation under the StayAtHome order, takes effect at noon on 20200417",https://governor.sc.gov/sites/default/files/Documents/Executive-Orders/2020-04-16%20eFILED%20Executive%20Order%20No.%202020-25%20-%20Modification%20of%20Emergency%20Restrictions%20for%20Public%20Waters%20%26%20Emergency%20Measures%20for%20Unemployment%20Claims%20%26%20Benefits.pdf,SouthCarolina0012,20200428,,https://governor.sc.gov/executive-branch/executive-orders,
SC0023,563,45,SC,South Carolina,OtherBusinessClose,1,1,1,1,20200420,20200421,20200427,,,,SC0019,,,"Further modifies the OtherBusinessClose to allow public beaches to be open beyond recreational activity for StayAtHome, (quote) rescinds the order and directive that any and all public beach access points, to include any adjacent or associated public parking lots or other public facilities, shall be closed to public access for recreational purposes for the duration of the State of Emergency. (quote) ",https://governor.sc.gov/sites/default/files/Documents/Executive-Orders/2020-04-20%20eFILED%20Executive%20Order%20No.%202020-28%20-%20Modification%20of%20Restrictions%20for%20Public%20Beaches%20%26%20Waters%20%26%20Incremental%20Modification%20of%20Non-Essential%20Business%20Closures.pdf,SouthCarolina0011,20200426,,https://governor.sc.gov/executive-branch/executive-orders,
SC0038,563,45,SC,South Carolina,OtherBusinessClose,1,1,1,1,20200420,20200420,20200427,,,,SC0033,,SC0039,"Effective 5 pm on 20200420, retail businesses can re-open if they comply with the health safety rules and restrictions stipulated prior (PID of SC0039).",https://governor.sc.gov/sites/default/files/Documents/Executive-Orders/2020-04-20%20eFILED%20Executive%20Order%20No.%202020-28%20-%20Modification%20of%20Restrictions%20for%20Public%20Beaches%20%26%20Waters%20%26%20Incremental%20Modification%20of%20Non-Essential%20Business%20Closures.pdf,SouthCarolina0011,20200426,,https://governor.sc.gov/executive-branch/executive-orders,
SC0046,563,45,SC,South Carolina,OtherBusinessClose,1,1,1,1,20200420,20200420,20200427,,SC0012,,,,,"Closure of businesses orignally closed under SC0012 (entertainment venues and facilities, recreational and athletic facilities, and close contact service providers) stay closed to in-person opperations. Separating from the eased restrictions on in-person retail",https://governor.sc.gov/sites/default/files/Documents/Executive-Orders/2020-04-16%20eFILED%20Executive%20Order%20No.%202020-25%20-%20Modification%20of%20Emergency%20Restrictions%20for%20Public%20Waters%20%26%20Emergency%20Measures%20for%20Unemployment%20Claims%20%26%20Benefits.pdf,SouthCarolina0012,20200428,,https://governor.sc.gov/executive-branch/executive-orders,
SC0049,563,45,SC,South Carolina,BusinessHealthSafety,1,1,1,1,20200427,20200427,20200512,,SC0039,,,,,Extends business safety mandates required for re-opening retail businesses,https://governor.sc.gov//sites/default/files/Documents/Executive-Budget/2020-04-27%20eFILED%20Executive%20Order%20No.%202020-29%20-%20State%20of%20Emergency%20Due%20to%20COVID-19%20Pandemic%20Response%20%26%20Other%20Measures.pdf,SouthCarolina0012,20200428,,https://governor.sc.gov/executive-branch/executive-orders,
SC0040,563,45,SC,South Carolina,EmergDec,1,1,1,1,20200427,20200427,20200512,,SC0016,,,,,"Extends emergency declaration and following EOs: 2020-09, 2020-10, 2020-11, 2020-12, 2020-13, 2020-14, 2020-16, 2020-18, 2020-19, 2020-21, 2020-22, 2020-25, and 2020-28. Remains in effect through 20200512.",https://governor.sc.gov//sites/default/files/Documents/Executive-Budget/2020-04-27%20eFILED%20Executive%20Order%20No.%202020-29%20-%20State%20of%20Emergency%20Due%20to%20COVID-19%20Pandemic%20Response%20%26%20Other%20Measures.pdf,SouthCarolina0012,20200428,,https://governor.sc.gov/executive-branch/executive-orders,
SC0043,563,45,SC,South Carolina,GathRestrict5,1,1,1,1,20200427,20200427,20200512,,SC0030,,,,,Extends GathRestrict5 under extended State of Emergency (which extends 2020-13),https://governor.sc.gov//sites/default/files/Documents/Executive-Budget/2020-04-27%20eFILED%20Executive%20Order%20No.%202020-29%20-%20State%20of%20Emergency%20Due%20to%20COVID-19%20Pandemic%20Response%20%26%20Other%20Measures.pdf,SouthCarolina0012,20200428,,https://governor.sc.gov/executive-branch/executive-orders,
SC0042,563,45,SC,South Carolina,GathRestrictAny,1,1,1,1,20200427,20200427,20200512,,SC0029,,,,,Extends GathRestrictAny under extended State of Emergency (which extends 2020-10),https://governor.sc.gov//sites/default/files/Documents/Executive-Budget/2020-04-27%20eFILED%20Executive%20Order%20No.%202020-29%20-%20State%20of%20Emergency%20Due%20to%20COVID-19%20Pandemic%20Response%20%26%20Other%20Measures.pdf,SouthCarolina0012,20200428,,https://governor.sc.gov/executive-branch/executive-orders,
SC0047,563,45,SC,South Carolina,OtherBusinessClose,1,1,1,1,20200427,20200427,20200512,,SC0046,,,,,"Extends orignally closed businesses under SC0012 (entertainment venues and facilities, recreational and athletic facilities, and close contact service providers)",https://governor.sc.gov//sites/default/files/Documents/Executive-Budget/2020-04-27%20eFILED%20Executive%20Order%20No.%202020-29%20-%20State%20of%20Emergency%20Due%20to%20COVID-19%20Pandemic%20Response%20%26%20Other%20Measures.pdf,SouthCarolina0012,20200428,,https://governor.sc.gov/executive-branch/executive-orders,
SC0048,563,45,SC,South Carolina,OtherBusinessClose,1,1,1,1,20200427,20200427,20200512,,SC0038,,,,SC0049,Extends mandate on allowing retail businesses to re-open if they comply with the health safety rules and restrictions,https://governor.sc.gov//sites/default/files/Documents/Executive-Budget/2020-04-27%20eFILED%20Executive%20Order%20No.%202020-29%20-%20State%20of%20Emergency%20Due%20to%20COVID-19%20Pandemic%20Response%20%26%20Other%20Measures.pdf,SouthCarolina0012,20200428,,https://governor.sc.gov/executive-branch/executive-orders,
SC0050,563,45,SC,South Carolina,OtherBusinessClose,1,1,1,1,20200427,20200427,20200512,,SC0023,,,,,"Extends mandates pertaining to opening of public beaches, parking lots, public access to waterways",https://governor.sc.gov//sites/default/files/Documents/Executive-Budget/2020-04-27%20eFILED%20Executive%20Order%20No.%202020-29%20-%20State%20of%20Emergency%20Due%20to%20COVID-19%20Pandemic%20Response%20%26%20Other%20Measures.pdf,SouthCarolina0012,20200428,,https://governor.sc.gov/executive-branch/executive-orders,
SC0045,563,45,SC,South Carolina,Quarantine,1,1,1,1,20200427,20200427,20200512,,SC0032,,,,,Extends Quarantine under extended State of Emergency (which extends 2020-14),https://governor.sc.gov//sites/default/files/Documents/Executive-Budget/2020-04-27%20eFILED%20Executive%20Order%20No.%202020-29%20-%20State%20of%20Emergency%20Due%20to%20COVID-19%20Pandemic%20Response%20%26%20Other%20Measures.pdf,SouthCarolina0012,20200428,,https://governor.sc.gov/executive-branch/executive-orders,
SC0044,563,45,SC,South Carolina,RestaurantRestrict,1,1,1,1,20200427,20200427,20200512,,SC0031,,,,,Extends RestaurantRestrict under extended State of Emergency (which extends 2020-10),https://governor.sc.gov//sites/default/files/Documents/Executive-Budget/2020-04-27%20eFILED%20Executive%20Order%20No.%202020-29%20-%20State%20of%20Emergency%20Due%20to%20COVID-19%20Pandemic%20Response%20%26%20Other%20Measures.pdf,SouthCarolina0012,20200428,,https://governor.sc.gov/executive-branch/executive-orders,
SC0041,563,45,SC,South Carolina,SchoolClose,1,1,1,1,20200427,20200427,,,SC0017,,,,,"Extends school closure through the end of the 2019-2020 academic year. Clearly indicates the closure of all public schools in South Carolina, as well as charter and residential programs per previous orders",https://governor.sc.gov//sites/default/files/Documents/Executive-Budget/2020-04-27%20eFILED%20Executive%20Order%20No.%202020-29%20-%20State%20of%20Emergency%20Due%20to%20COVID-19%20Pandemic%20Response%20%26%20Other%20Measures.pdf,SouthCarolina0012,20200428,,https://governor.sc.gov/executive-branch/executive-orders,
SC0051,563,45,SC,South Carolina,StayAtHome,1,1,1,1,20200427,20200427,20200512,,SC0036,,,,,Extends Stay At Home order under extended State of Emergency (which 2020-21),https://governor.sc.gov//sites/default/files/Documents/Executive-Budget/2020-04-27%20eFILED%20Executive%20Order%20No.%202020-29%20-%20State%20of%20Emergency%20Due%20to%20COVID-19%20Pandemic%20Response%20%26%20Other%20Measures.pdf,SouthCarolina0012,20200428,,https://governor.sc.gov/executive-branch/executive-orders,
TN0001,565,47,TN,Tennessee,EmergDec,1,1,1,1,20200312,20200312,20200511,,,,,,,Declared state of emergency. Initial expiry is set to be 1201 am 20200511,https://publications.tnsosfiles.com/pub/execorders/exec-orders-lee14.pdf,Tennessee0001,20200427,,https://sos.tn.gov/products/division-publications/executive-orders-governor-bill-lee,
TN0002,565,47,TN,Tennessee,GathRecomAny,0,0,1,0,20200312,20200312,,,,,,,,"(quote) Vulnerable populations should stay home where possible and avoid large gatherings or locations where they are more likely to contract the virus (quote). Not explicitly outlined in EO itself, nor tied to expiry date. ",https://www.tn.gov/governor/news/2020/3/12/gov--bill-lee-issues-executive-order-declaring-state-of-emergency-in-response-to-covid-19.html,Tennessee0002,20200412,,https://sos.tn.gov/products/division-publications/executive-orders-governor-bill-lee,
TN0007,565,47,TN,Tennessee,SchoolClose,0,1,1,1,20200316,20200316,20200501,,,,,,,"Announcement from gov, not EO: (quote) I urge every school district in Tennessee to close as soon as practically possible, with all schools expected to close by Friday, March 20, 2020 at the latest. Schools should remain closed through March 31, 2020 to further mitigate the spread of this infectious disease and we will issue further guidance prior to March 31. (quote)",https://www.tn.gov/governor/news/2020/3/16/governor-lee-issues-statement-regarding-statewide-school-closure.html,Tennessee0007,20200427,"Updated source, notes, expiry",https://sos.tn.gov/products/division-publications/executive-orders-governor-bill-lee,
TN0013,565,47,TN,Tennessee,EmergDec,1,1,1,1,20200319,20200319,20200518,,,,,TN0001,,"Repeals and replaces first EmergDec, to remain in effect until midnight on 20200518. ",https://publications.tnsosfiles.com/pub/execorders/exec-orders-lee15.pdf,Tennessee0013,20200427,,https://sos.tn.gov/products/division-publications/executive-orders-governor-bill-lee,
TN0003,565,47,TN,Tennessee,GathRestrict10,1,1,1,1,20200322,20200323,20200406,,,,,,,In effect at 1201 am on 20200323. Initial expiry was to be set at 1201 am 20200406,https://sos-tn-gov-files.tnsosfiles.com/forms/exec-order-lee17.pdf,Tennessee0003,20200427,Updated Expiry,https://sos.tn.gov/products/division-publications/executive-orders-governor-bill-lee,
TN0004,565,47,TN,Tennessee,GathRestrictAny,1,1,1,1,20200322,20200323,20200406,,,,,,,In effect at 1201 am on 20200323. Initial expiry was to be set at 1201 am 20200406,https://sos-tn-gov-files.tnsosfiles.com/forms/exec-order-lee17.pdf,Tennessee0003,20200427,Updated Expiry,https://sos.tn.gov/products/division-publications/executive-orders-governor-bill-lee,
TN0005,565,47,TN,Tennessee,OtherBusinessClose,1,1,1,1,20200322,20200323,20200406,,,,,,,"Closure required: gyms, fitness/exercise centers. In effect at 1201 am on 20200323. Initial expiry was to be set at 1201 am 20200406",https://sos-tn-gov-files.tnsosfiles.com/forms/exec-order-lee17.pdf,Tennessee0003,20200427,Updated Expiry,https://sos.tn.gov/products/division-publications/executive-orders-governor-bill-lee,
TN0006,565,47,TN,Tennessee,RestaurantRestrict,1,1,1,1,20200322,20200323,20200406,,,,,,,"Limited operations (take-out, delivery, off-site consumption only): restaurants, bars. In effect at 1201 am on 20200323. Initial expiry was to be set at 1201 am 20200406",https://sos-tn-gov-files.tnsosfiles.com/forms/exec-order-lee17.pdf,Tennessee0003,20200427,Updated Expiry,https://sos.tn.gov/products/division-publications/executive-orders-governor-bill-lee,
TN0008,565,47,TN,Tennessee,NEBusinessClose,1,1,1,1,20200330,20200401,20200415,,,TN0009,,,,"(quote) businesses or organizations that do not perform Essential Duties shall not be open for access or use (quote). Also see point 30, business activities required to maintain inventory still permitted. Expiry is 20200414 at 1159 pm, should be coded as 20200415",https://publications.tnsosfiles.com/pub/execorders/exec-orders-lee22.pdf,Tennessee0008,20200412,Updated expiry to 20200415 since it expires on 20200414 at 1159 pm,https://sos.tn.gov/products/division-publications/executive-orders-governor-bill-lee,
TN0009,565,47,TN,Tennessee,OtherBusinessClose,1,1,1,1,20200330,20200330,20200415,,,TN0005,,,,"Closure of close-personal contact personal services, as well as entertainment and recreational gathering places such as night clubs, concert venues, theaters, etc. In effect through 1159 pm 20200414, so expires 20200415. Expansion of 20200322 order, in effect on 20200330 (date of order)",https://publications.tnsosfiles.com/pub/execorders/exec-orders-lee21.pdf,Tennessee0009,20200427,Updated DateEnacted,https://sos.tn.gov/products/division-publications/executive-orders-governor-bill-lee,
TN0015,565,47,TN,Tennessee,RestaurantRestrict,1,1,1,1,20200330,20200401,20200415,,TN0006,,,,,Extends original RestaurantRestriction (TN0006),https://publications.tnsosfiles.com/pub/execorders/exec-orders-lee22.pdf,Tennessee0008,20200427,,https://sos.tn.gov/products/division-publications/executive-orders-governor-bill-lee,
TN0010,565,47,TN,Tennessee,StayAtHome,0,1,1,1,20200330,20200401,20200415,,,,,,,"(quote) all persons in Tennessee are urged to say at home (quote). Not currently coded as StayAtHome mandate. Expiry is 20200414 at 1159 pm, should be coded as 20200415",https://publications.tnsosfiles.com/pub/execorders/exec-orders-lee22.pdf,Tennessee0008,20200412,Updated expiry to 20200415 since it expires on 20200414 at 1159 pm,https://sos.tn.gov/products/division-publications/executive-orders-governor-bill-lee,
TN0011,565,47,TN,Tennessee,StayAtHome,1,1,1,1,20200402,20200402,20200415,,,TN0010,,,,"All persons in TN required to stay home (replaces language from paragraph 1 from Exec order 22 issued March 30). Expiry date at midnight on April 14, so coded to 20200415",https://publications.tnsosfiles.com/pub/execorders/exec-orders-lee23.pdf,Tennessee0011,20200427,,https://sos.tn.gov/products/division-publications/executive-orders-governor-bill-lee,
TN0016,565,47,TN,Tennessee,EmergDec,1,1,1,1,20200413,20200413,20200501,,TN0013,,,,,"Coded to expire 20200501 bc in effect until midnight 20200430. This order extends previous EOs (17,21,22,23) until the same date",https://publications.tnsosfiles.com/pub/execorders/exec-orders-lee27.pdf,Tennessee0016,20200427,,https://sos.tn.gov/products/division-publications/executive-orders-governor-bill-lee,
TN0020,565,47,TN,Tennessee,GathRestrict10,1,1,1,1,20200413,20200413,20200501,,TN0003,,,,,"Coded to expire 20200501 bc in effect until midnight 20200430. This order extends previous EOs (17,21,22,23) until the same date",https://publications.tnsosfiles.com/pub/execorders/exec-orders-lee27.pdf,Tennessee0016,20200427,,https://sos.tn.gov/products/division-publications/executive-orders-governor-bill-lee,
TN0025,565,47,TN,Tennessee,GathRestrictAny,1,1,1,1,20200413,20200413,20200501,,TN0004,,,,,"Coded to expire 20200501 bc in effect until midnight 20200430. This order extends previous EOs (17,21,22,23) until the same date",https://publications.tnsosfiles.com/pub/execorders/exec-orders-lee27.pdf,Tennessee0016,20200429,,https://sos.tn.gov/products/division-publications/executive-orders-governor-bill-lee,
TN0018,565,47,TN,Tennessee,NEBusinessClose,1,1,1,1,20200413,20200413,20200501,,TN0008,,,,,"Coded to expire 20200501 bc in effect until midnight 20200430. This order extends previous EOs (17,21,22,23) until the same date",https://publications.tnsosfiles.com/pub/execorders/exec-orders-lee27.pdf,Tennessee0016,20200427,,https://sos.tn.gov/products/division-publications/executive-orders-governor-bill-lee,
TN0021,565,47,TN,Tennessee,RestaurantRestrict,1,1,1,1,20200413,20200413,20200501,,TN0015,,,,,"Coded to expire 20200501 bc in effect until midnight 20200430. This order extends previous EOs (17,21,22,23) until the same date",https://publications.tnsosfiles.com/pub/execorders/exec-orders-lee27.pdf,Tennessee0016,20200427,,https://sos.tn.gov/products/division-publications/executive-orders-governor-bill-lee,
TN0017,565,47,TN,Tennessee,StayAtHome,1,1,1,1,20200413,20200413,20200501,,TN0011,,,,,"Coded to expire 20200501 bc in effect until midnight 20200430. This order extends previous EOs (17,21,22,23) until the same date",https://publications.tnsosfiles.com/pub/execorders/exec-orders-lee27.pdf,Tennessee0016,20200427,,https://sos.tn.gov/products/division-publications/executive-orders-governor-bill-lee,
TN0014,565,47,TN,Tennessee,SchoolClose,0,1,1,1,20200415,20200415,,,TN0007,,,,,Governor on 20200415 (quote) called on (quote) all schools to remain closed through the end of the school year. ,https://www.tn.gov/governor/covid-19/covid-19-daily-bulletin/2020/4/15/covid-19-bulletin--9---april-15--2020.html,Tennessee0014,20200429,"Changed Mandate to 0, follow-up reports indicate it is a recommendation",https://sos.tn.gov/products/division-publications/executive-orders-governor-bill-lee,
TN0023,565,47,TN,Tennessee,EmergDec,1,1,1,1,20200417,20200417,,,TN0016,,,,,Extension of emergency ,https://publications.tnsosfiles.com/pub/execorders/exec-orders-lee28.pdf,Tennessee0023,20200427,,https://sos.tn.gov/products/division-publications/executive-orders-governor-bill-lee,
TN0024,565,47,TN,Tennessee,BusinessHealthSafety,1,0,0,1,20200424,20200424,,,,,,,,"Gov announces Economic Recovery Guidelines (ERG) for a statewide phased in reopening of restaurants and retail, businesses 89 of 95 counties will be able to reopen the week of 20200427. ",https://www.tn.gov/governor/news/2020/4/24/gov--lee-issues-guidelines-for-restaurants--retail-stores-to-reopen-early-next-week-in-89-counties.html,Tennessee0024,20200427,,https://sos.tn.gov/products/division-publications/executive-orders-governor-bill-lee,
TN0026,565,47,TN,Tennessee,RestaurantRestrict,1,1,1,1,20200424,20200427,,,,,TN0021,,TN0024,"Restaurants may be opened for onsite dining in 89 of 95 counties. Guidelines indicate limiting to 50 percent of capacity, following distancing and sanitation protocols, but not clear if guidelines are mandates or enforceable https://www.tn.gov/content/dam/tn/governorsoffice-documents/covid-19-assets/Pledge_Restaurants.pdf",https://publications.tnsosfiles.com/pub/execorders/exec-orders-lee29.pdf,Tennessee0025,20200429,,https://sos.tn.gov/products/division-publications/executive-orders-governor-bill-lee,
TN0031,565,47,TN,Tennessee,CaseIsolation,1,1,1,1,20200428,20200429,20200530,,,,,,,"(quote) persons who test positive for COVID-19 or who are suffering COVID-19 symptoms shall stay at home, except to receive medical care, until satisfying the conditions for discontinuing home isolation per CDC",https://publications.tnsosfiles.com/pub/execorders/exec-orders-lee30.pdf,Tennessee0026,20200429,,https://sos.tn.gov/products/division-publications/executive-orders-governor-bill-lee,
TN0028,565,47,TN,Tennessee,GathRestrict10,1,1,1,1,20200428,20200429,20200530,,TN0020,,,,,"Extends GathRestrict10 (PID TN0020). Religious services/gatherings, weddings, and funerals are exempted from the gathering restriction, but are encouraged to continue using remote services or postpone if possible",https://publications.tnsosfiles.com/pub/execorders/exec-orders-lee30.pdf,Tennessee0026,20200429,,https://sos.tn.gov/products/division-publications/executive-orders-governor-bill-lee,
TN0027,565,47,TN,Tennessee,GathRestrictAny,1,1,1,1,20200428,20200429,20200530,,TN0025,,,,,"Extends GathRestrictAny (PID TN0025). Religious services/gatherings, weddings, and funerals are exempted from the gathering restriction, but are encouraged to continue using remote services or postpone if possible",https://publications.tnsosfiles.com/pub/execorders/exec-orders-lee30.pdf,Tennessee0026,20200429,,https://sos.tn.gov/products/division-publications/executive-orders-governor-bill-lee,
TN0034,565,47,TN,Tennessee,NEBusinessClose,1,1,1,1,20200428,20200429,20200530,,,,TN0018,,TN0024,"Eases NEBusinessClose, as long as they operate under the ERG guidelines",https://publications.tnsosfiles.com/pub/execorders/exec-orders-lee30.pdf,Tennessee0026,20200429,,https://sos.tn.gov/products/division-publications/executive-orders-governor-bill-lee,
TN0032,565,47,TN,Tennessee,OtherBusinessClose,1,1,1,1,20200428,20200429,20200530,,TN0009,,,,,"Extends closure of the following businesses: close-contact personal services (eg, barber shops, hair salons, body art and tattoo, massage therapy), venues for entertainment and recreation (eg, bars, night clubs, live performance venues, bowling alleys, arcades, concerts, sporting event venues, amusement parks, senior centers)",https://publications.tnsosfiles.com/pub/execorders/exec-orders-lee30.pdf,Tennessee0026,20200429,,https://sos.tn.gov/products/division-publications/executive-orders-governor-bill-lee,
TN0030,565,47,TN,Tennessee,PublicMask,0,1,1,1,20200428,20200429,20200530,,,,,,,Persons are urged to wear face coverings in public places,https://publications.tnsosfiles.com/pub/execorders/exec-orders-lee30.pdf,Tennessee0026,20200429,,https://sos.tn.gov/products/division-publications/executive-orders-governor-bill-lee,
TN0033,565,47,TN,Tennessee,RestaurantRestrict,1,1,1,1,20200428,20200429,20200530,,TN0026,,,,,Continues restaurant 50 percent capacity restrictions for 89 out of 95 counties,https://publications.tnsosfiles.com/pub/execorders/exec-orders-lee30.pdf,Tennessee0026,20200429,,https://sos.tn.gov/products/division-publications/executive-orders-governor-bill-lee,
TN0029,565,47,TN,Tennessee,StayAtHome,0,1,1,1,20200428,20200429,20200530,,,,TN0017,,,"Eases StayAtHome (PID TN0017), (quote) all persons are strongly encouraged to continue to stay at home and to minimize in-person contact)",https://publications.tnsosfiles.com/pub/execorders/exec-orders-lee30.pdf,Tennessee0026,20200429,,https://sos.tn.gov/products/division-publications/executive-orders-governor-bill-lee,
TX0001,566,48,TX,Texas,EmergDec,1,1,1,1,20200313,20200313,,,,,,,,State of Disaster Declared. No clear expiry provided.,https://gov.texas.gov/uploads/files/press/DISASTER_covid19_disaster_proclamation_IMAGE_03-13-2020.pdf,Texas0001,20200324,,https://lrl.texas.gov/legeLeaders/governors/displayDocs.cfm?govdoctypeID=5&governorID=45,
TX0002,566,48,TX,Texas,GathRestrict10,1,1,1,1,20200319,20200321,20200404,,,,,,,"In effect statewide at 1159 pm on 20200320, coded to 20200321. Initial expiry is set to be 1159 pm 20200403, coded to 20200404",https://lrl.texas.gov/scanned/govdocs/Greg%20Abbott/2020/GA-08.pdf,Texas0002,20200426,Updated DateEnacted to 20200321 since it went in effect at 1159 pm on 20200320. Added initial expiry of 20200404 since its expiry was 20200403 at 1159 pm,https://lrl.texas.gov/legeLeaders/governors/displayDocs.cfm?govdoctypeID=5&governorID=45,
TX0003,566,48,TX,Texas,GathRestrictAny,1,1,1,1,20200319,20200321,20200404,,,,,,,"In effect statewide at 1159 pm on 20200320, coded to 20200321. Initial expiry is set to be 1159 pm 20200403, coded to 20200404",https://lrl.texas.gov/scanned/govdocs/Greg%20Abbott/2020/GA-08.pdf,Texas0002,20200426,Updated DateEnacted to 20200321 since it went in effect at 1159 pm on 20200320. Added initial expiry of 20200404 since its expiry was 20200403 at 1159 pm,https://lrl.texas.gov/legeLeaders/governors/displayDocs.cfm?govdoctypeID=5&governorID=45,
TX0004,566,48,TX,Texas,OtherBusinessClose,1,1,1,1,20200319,20200321,20200404,,,,,,,"Closure required: gyms, massage parlors. In effect statewide at 1159 pm on 20200320, coded to 20200321. Initial expiry is set to be 1159 pm 20200403, coded to 20200404",https://lrl.texas.gov/scanned/govdocs/Greg%20Abbott/2020/GA-08.pdf,Texas0002,20200426,Updated DateEnacted to 20200321 since it went in effect at 1159 pm on 20200320. Added initial expiry of 20200404 since its expiry was 20200403 at 1159 pm,https://lrl.texas.gov/legeLeaders/governors/displayDocs.cfm?govdoctypeID=5&governorID=45,
TX0005,566,48,TX,Texas,RestaurantRestrict,1,1,1,1,20200319,20200321,20200404,,,,,,,"Limited operations required (drive-thru, pickup, delivery): restaurants and bars. In effect statewide at 1159 pm on 20200320, coded to 20200321. Initial expiry is set to be 1159 pm 20200403, coded to 20200404",https://lrl.texas.gov/scanned/govdocs/Greg%20Abbott/2020/GA-08.pdf,Texas0002,20200426,Updated DateEnacted to 20200321 since it went in effect at 1159 pm on 20200320. Added initial expiry of 20200404 since its expiry was 20200403 at 1159 pm,https://lrl.texas.gov/legeLeaders/governors/displayDocs.cfm?govdoctypeID=5&governorID=45,
TX0006,566,48,TX,Texas,SchoolClose,1,1,1,1,20200319,20200321,20200404,,,,,,,"In effect statewide at 1159 pm on 20200320, coded to 20200321. Initial expiry is set to be 1159 pm 20200403, coded to 20200404. On 20200331 with StayAtHome order, Expiry date extended to 20200504",https://lrl.texas.gov/scanned/govdocs/Greg%20Abbott/2020/GA-08.pdf,Texas0002,20200426,Updated DateEnacted to 20200321 since it went in effect at 1159 pm on 20200320. Added initial expiry of 20200404 since its expiry was 20200403 at 1159 pm,https://lrl.texas.gov/legeLeaders/governors/displayDocs.cfm?govdoctypeID=5&governorID=45,
TX0007,566,48,TX,Texas,Quarantine,1,1,1,1,20200326,20200328,,,,,,,,"Mandates 14 day quarantine on individuals entering Texas whose point of origin or last departure was New York, New Jersey, Connecticut, or City of New Orleans. No formal expiry",https://lrl.texas.gov/scanned/govdocs/Greg%20Abbott/2020/GA-11.pdf,Texas0007,20200412,,https://lrl.texas.gov/legeLeaders/governors/displayDocs.cfm?govdoctypeID=5&governorID=45,
TX0008,566,48,TX,Texas,Quarantine,1,1,1,1,20200329,20200330,,,,TX0007,,,,"Mandates 14 day quarantine on people arriving from the states of California, Louisiana, Washington and the cities of Atlanta Georgia, Chicago Illinois, Detroit Michigan, and Miami Florida. Expires when the state of emergency expires. Self quarantine order - specifies that the list of origin cities and states can be expanded going forward. ",https://gov.texas.gov/uploads/files/press/DISASTER_COVID19_disaster_air_travel_restric_adds_IMAGE_03-29-2020.pdf,Texas0008,20200412,,https://lrl.texas.gov/legeLeaders/governors/displayDocs.cfm?govdoctypeID=5&governorID=45,
TX0021,566,48,TX,Texas,GathRestrict10,1,1,1,1,20200331,20200402,20200430,,TX0002,,,,,Extends gathering restrictions through the StayAtHome order to 20200430,https://gov.texas.gov/uploads/files/press/EO-GA-14_Statewide_Essential_Service_and_Activity_COVID-19_IMAGE_03-31-2020.pdf,Texas0017,20200428,,https://lrl.texas.gov/legeLeaders/governors/displayDocs.cfm?govdoctypeID=5&governorID=45,
TX0022,566,48,TX,Texas,GathRestrictAny,1,1,1,1,20200331,20200402,20200430,,TX0003,,,,,Extends gathering restrictions through the StayAtHome order to 20200430,https://gov.texas.gov/uploads/files/press/EO-GA-14_Statewide_Essential_Service_and_Activity_COVID-19_IMAGE_03-31-2020.pdf,Texas0017,20200428,,https://lrl.texas.gov/legeLeaders/governors/displayDocs.cfm?govdoctypeID=5&governorID=45,
TX0019,566,48,TX,Texas,OtherBusinessClose,1,1,1,1,20200331,20200402,20200430,,TX0004,TX0004,,,,"Extends closure of the following businesses to 20200430: gyms, massage establishments, tattoo studios, piercing studios, or cosmetology salons. Establishes list of essential critical infrastructure sectors, which omits in-person retail services and therefore closes those stores for in-person operations",https://gov.texas.gov/uploads/files/press/EO-GA-14_Statewide_Essential_Service_and_Activity_COVID-19_IMAGE_03-31-2020.pdf,"Texas0017, Texas0020",20200429,,https://lrl.texas.gov/legeLeaders/governors/displayDocs.cfm?govdoctypeID=5&governorID=45,
TX0017,566,48,TX,Texas,RestaurantRestrict,1,1,1,1,20200331,20200402,20200430,,TX0005,,,,,"Order includes extension of restrictions on bars and restuarants, which would have otherwise expired on 20200404. ",https://gov.texas.gov/uploads/files/press/EO-GA-14_Statewide_Essential_Service_and_Activity_COVID-19_IMAGE_03-31-2020.pdf,Texas0017,20200422,,https://lrl.texas.gov/legeLeaders/governors/displayDocs.cfm?govdoctypeID=5&governorID=45,
TX0015,566,48,TX,Texas,SchoolClose,1,1,1,1,20200331,20200331,20200504,,TX0006,,,,,Extension of school closure included in the initial StayAtHome. ,https://gov.texas.gov/uploads/files/press/EO-GA-14_Statewide_Essential_Service_and_Activity_COVID-19_IMAGE_03-31-2020.pdf,Texas0017,20200422,,https://lrl.texas.gov/legeLeaders/governors/displayDocs.cfm?govdoctypeID=5&governorID=45,
TX0010,566,48,TX,Texas,StayAtHome,1,1,1,1,20200331,20200402,20200430,,,,,,,"Requires Texans to stay at home except for essential activities (including everything listed by the U.S. Department of Homeland Security, plus religious services), supersedes all policies in earlier GathRestrict order. ",https://gov.texas.gov/uploads/files/press/EO-GA-14_Statewide_Essential_Service_and_Activity_COVID-19_IMAGE_03-31-2020.pdf,Texas0017,20200429,,https://lrl.texas.gov/legeLeaders/governors/displayDocs.cfm?govdoctypeID=5&governorID=45,
TX0016,566,48,TX,Texas,EmergDec,1,1,1,1,20200412,20200412,,,TX0001,,,,,Extends disaster proclamation. No clear expiry provided.,https://gov.texas.gov/uploads/files/press/DISASTER_renewing_covid19_disaster_proc_04-12-2020.pdf,Texas0016,20200426,,https://lrl.texas.gov/legeLeaders/governors/displayDocs.cfm?govdoctypeID=5&governorID=45,
TX0012,566,48,TX,Texas,BusinessHealthSafety,1,1,1,1,20200417,20200424,20200501,,,,,,,"Establishes list of non-essential businesses that can reopen under guidelines, and only if they can operate through remote, drive-thru, etc.. (quote) retail services that are not essential services, but that may be provided through pickup, delivery by mail, or delivery to the customer’s doorstep in strict compliance with the terms required by DSHS (quote) ",https://lrl.texas.gov/scanned/govdocs/Greg%20Abbott/2020/GA-16.pdf,Texas0012,20200422,,https://lrl.texas.gov/legeLeaders/governors/displayDocs.cfm?govdoctypeID=5&governorID=45,
TX0020,566,48,TX,Texas,OtherBusinessClose,1,1,1,1,20200417,20200424,20200501,,,,TX0019,,TX0012,"Establishes list of non-essential businesses that can reopen under guidelines, and only if they can operate through remote, drive-thru, etc.. (quote) retail services that are not essential services, but that may be provided through pickup, delivery by mail, or delivery to the customer’s doorstep in strict compliance with the terms required by DSHS (quote) ",https://lrl.texas.gov/scanned/govdocs/Greg%20Abbott/2020/GA-16.pdf,Texas0012,20200428,,https://lrl.texas.gov/legeLeaders/governors/displayDocs.cfm?govdoctypeID=5&governorID=45,
TX0013,566,48,TX,Texas,SchoolClose,1,1,1,1,20200417,20200417,,,TX0015,,,,,Calls for schools to stay closed through end of AY 2019-2020,https://lrl.texas.gov/scanned/govdocs/Greg%20Abbott/2020/GA-16.pdf,Texas0012,20200422,,https://lrl.texas.gov/legeLeaders/governors/displayDocs.cfm?govdoctypeID=5&governorID=45,
TX0014,566,48,TX,Texas,StayAtHome,0,1,1,1,20200417,20200417,20200501,,TX0010,,,,,"(quote) every person in TX shall minimize social gatherings and minimize in-person contact. (quote) Page 3 of order, this order supersedes Executive Order GA- 14, but does not supersede Executive Orders GA-09, GA-b, GA-li, GA-12, GA-13, or GA-15.",https://lrl.texas.gov/scanned/govdocs/Greg%20Abbott/2020/GA-16.pdf,Texas0012,20200422,,https://lrl.texas.gov/legeLeaders/governors/displayDocs.cfm?govdoctypeID=5&governorID=45,
TX0028,566,48,TX,Texas,GathRestrict10,1,1,1,1,20200427,20200427,20200516,,TX0021,,,,,Extends gathering restrictions to 20200516,https://lrl.texas.gov/scanned/govdocs/Greg%20Abbott/2020/GA-18.pdf,Texas0018,20200429,,https://lrl.texas.gov/legeLeaders/governors/displayDocs.cfm?govdoctypeID=5&governorID=45,
TX0029,566,48,TX,Texas,GathRestrictAny,1,1,1,1,20200427,20200427,20200516,,TX0022,,,,,Extends gathering restrictions to 20200516,https://lrl.texas.gov/scanned/govdocs/Greg%20Abbott/2020/GA-18.pdf,Texas0018,20200429,,https://lrl.texas.gov/legeLeaders/governors/displayDocs.cfm?govdoctypeID=5&governorID=45,
TX0024,566,48,TX,Texas,OtherBusinessClose,1,1,1,1,20200427,20200501,20200516,,,,TX0020,,,"Allows in-person services to occur for the following types of businesses if they remain up to 25 percent occupancy: in-store retail, movie theaters, shopping malls, museums and libraries. Golf course operations appear to be fully opened. Businesses should follow minimum standard health protocols by DSHS and should implement social distancing, practice good hygiene, etc. but is not expressly mandated. Face coverings are encouraged but not required.",https://lrl.texas.gov/scanned/govdocs/Greg%20Abbott/2020/GA-18.pdf,Texas0018,20200429,,https://lrl.texas.gov/legeLeaders/governors/displayDocs.cfm?govdoctypeID=5&governorID=45,
TX0026,566,48,TX,Texas,OtherBusinessClose,1,1,1,1,20200427,20200501,20200516,,TX0019,,,,,"Extends closure of the following businesses: bars, gyms, public swimming pools, interactive amusement venues such as bowling alleys and video arcades, massage establishments, tattoo studios, piercing studios, or cosmetology salons",https://lrl.texas.gov/scanned/govdocs/Greg%20Abbott/2020/GA-18.pdf,Texas0018,20200429,,https://lrl.texas.gov/legeLeaders/governors/displayDocs.cfm?govdoctypeID=5&governorID=45,
TX0027,566,48,TX,Texas,OtherBusinessClose,1,0,0,1,20200427,20200501,20200516,,,,,,,"In counties with 5 or fewer cases of COVID-19, in-store retail, dine-in restaurants, movie theaters, shopping malls, and museums and libraries can operate up to 50 percent vesus 25 percent of listed occupancy",https://lrl.texas.gov/scanned/govdocs/Greg%20Abbott/2020/GA-18.pdf,Texas0018,20200429,,https://lrl.texas.gov/legeLeaders/governors/displayDocs.cfm?govdoctypeID=5&governorID=45,
TX0030,566,48,TX,Texas,Quarantine,1,1,1,1,20200427,20200501,,,,,TX0008,,,"Eases TX0008 for Louisiana (all travelers from Louisiana are no longer subject to self-quarantine) but maintains self-quarantine requirement for individuals that have traveled from specific states (California, Connecticut, New York, New Jersey, Washington) and specific cities (Atlanta Georgia, Chicago Illinois, Detroit Michigan, Miami Florida). Does not provide formal expiry",https://lrl.texas.gov/scanned/govdocs/Greg%20Abbott/2020/GA-20.pdf,Texas0019,20200501,,https://lrl.texas.gov/legeLeaders/governors/displayDocs.cfm?govdoctypeID=5&governorID=45,
TX0025,566,48,TX,Texas,RestaurantRestrict,1,1,1,1,20200427,20200501,20200516,,,,TX0017,,,"Dine-in restaurant services can occur if restaurants operate up to 25 percent of total occupancy and for restaurants for which less than 51 percent of gross receipts are from alcoholic beverages (so effectively keeping establishments that are primarily bars under previous restrictions). EO expires 1159 pm on 20200515, so coded to 20200516 as expiry",https://lrl.texas.gov/scanned/govdocs/Greg%20Abbott/2020/GA-18.pdf,Texas0018,20200429,,https://lrl.texas.gov/legeLeaders/governors/displayDocs.cfm?govdoctypeID=5&governorID=45,
TX0023,566,48,TX,Texas,StayAtHome,0,1,1,1,20200427,20200427,20200516,,,,TX0014,,,"Eases prior StayAtHome (PID of TX0014) to (quote) strongly encouraged to stay at home as much as possible (quote) and to be applied to people aged over 65 years. EO expires 1159 pm on 20200515, so coded to 20200516 as expiry. Makes the previous StayAtHome not a mandate. ",https://lrl.texas.gov/scanned/govdocs/Greg%20Abbott/2020/GA-18.pdf,Texas0018,20200429,,https://lrl.texas.gov/legeLeaders/governors/displayDocs.cfm?govdoctypeID=5&governorID=45,
