StatePostal,StateName,StatePolicy,DateIssued,DateEnacted,PolicyCodingNotes,PolicySource,StateWide,LastUpdated,,,,,,,,,,,,,,,,
AL,Alabama,EmergDec,20200313,20200313,Public Health Emergency,https://governor.alabama.gov/newsroom/2020/03/third-supplemental-state-of-emergency-coronavirus-covid-19/,1,20200324,,,,,,,,,,,,,,,,
AL,Alabama,SchoolClose,20200314,20200318,in effect 20200318; 20200319 issuance also closed all public/private schools (20200314 is public school),http://alabamapublichealth.gov/legal/assets/420-4-1.13-er.pdf,1,20200324,,,,,,,,,,,,,,,,
AL,Alabama,GathRestrict25,20200319,20200320,"Announced 20200319, but signed into law 20200320",http://alabamapublichealth.gov/legal/assets/420-4-1.13-er.pdf,1,20200324,,,,,,,,,,,,,,,,
AL,Alabama,GathRestrictAny,20200319,20200320,"Announced 20200319, but signed into law 20200320",http://alabamapublichealth.gov/legal/assets/420-4-1.13-er.pdf,1,20200324,,,,,,,,,,,,,,,,
AL,Alabama,OtherBusinessClose,20200319,20200320,Beaches close,http://alabamapublichealth.gov/legal/assets/420-4-1.13-er.pdf,1,20200324,,,,,,,,,,,,,,,,
AL,Alabama,RestaurantRestrict,20200319,20200320,"Limited operations required: restaurants, bars, breweries",http://alabamapublichealth.gov/legal/assets/420-4-1.13-er.pdf,1,20200324,,,,,,,,,,,,,,,,
AL,Alabama,StateCurfew,,,Local curfews are occurring; no additional data at present (as reported in NGA policy doc 03.20.2020: https://www.nga.org/wp-content/uploads/2020/03/CoronavirusTrackingChart_20Mar2020.pdf),https://www.nga.org/wp-content/uploads/2020/03/CoronavirusTrackingChart_20Mar2020.pd,0,20200324,,,,,,,,,,,,,,,,
AK,Alaska,EmergDec,20200311,20200311,Public Health Emergency,https://gov.alaska.gov/wp-content/uploads/sites/2/COVID-19-Disaster-Packet.pdf,1,20200324,,,,,,,,,,,,,,,,
AK,Alaska,SchoolClose,20200313,20200316,"First issuance is schools staying closed until March 30 (i.e., extending spring break), issued 20200313 https://www.alaskapublic.org/2020/03/13/governor-says-all-k-12-students-in-alaska-to-attend-no-contact-school-until-march-30/ ...all public and private schools closed on 20200320 https://gov.alaska.gov/wp-content/uploads/sites/2/03202020-SOA-COVID-19-Health-Mandate-008.pdf",https://www.alaskapublic.org/2020/03/13/governor-says-all-k-12-students-in-alaska-to-attend-no-contact-school-until-march-30/,1,20200324,,,,,,,,,,,,,,,,
AK,Alaska,RestaurantRestrict,20200317,20200318,"Limited operations required: restaurants, bars, breweries, food trucks, self-service dining",https://gov.alaska.gov/wp-content/uploads/sites/2/03172020-SOA-COVID-19-Health-Mandate-003.pdf,1,20200324,,,,,,,,,,,,,,,,
AK,Alaska,GathRestrict10,20200323,20200324,"Issued 20200323, in effect on 20200324",https://gov.alaska.gov/home/covid19-healthmandates/,1,20200324,,,,,,,,,,,,,,,,
AK,Alaska,GathRestrictAny,20200323,20200324,"Issued 20200323, in effect on 20200324",https://gov.alaska.gov/home/covid19-healthmandates/,1,20200324,,,,,,,,,,,,,,,,
AK,Alaska,OtherBusinessClose,20200323,20200324,"Closure required: hair salons, day spas, nail salons, barber shops, tattoo shops, body piercings, massage therapy, tanning ",https://gov.alaska.gov/home/covid19-healthmandates/,1,20200324,,,,,,,,,,,,,,,,
AK,Alaska,OtherBusinessClose,20200316,20200317,"All libraries, archives, and museums to be closed March 17-31",https://gov.alaska.gov/wp-content/uploads/sites/2/03.16.20-COVID-19-Health-Mandate-002.pdf,1,20200325,,,,,,,,,,,,,,,,
AZ,Arizona,EmergDec,20200311,20200311,Emergency Declaration/Public Health Emergency,https://azgovernor.gov/sites/default/files/declaraton_0.pdf,1,20200324,,,,,,,,,,,,,,,,
AZ,Arizona,SchoolClose,20200315,20200316,Public school closure. Statewide closure of all schools as of 20200320,https://www.abc15.com/news/state/governor-doug-ducey-and-superintendent-kathy-hoffman-announce-closure-of-arizona-schools-due-to-coronavirus-concerns,1,20200324,,,,,,,,,,,,,,,,
AZ,Arizona,OtherBusinessClose,20200319,20200320,"Closure required: movie theaters, indoor gyms, fitness clubs, bars",https://www.azdhs.gov/preparedness/epidemiology-disease-control/infectious-disease-epidemiology/index.php#novel-coronavirus-home,1,20200324,,,,,,,,,,,,,,,,
AZ,Arizona,RestaurantRestrict,20200319,20200320,"Limited operations required: restaurants, bars (for places in counties with COVID19), to be enacted by 20200320",https://www.azdhs.gov/preparedness/epidemiology-disease-control/infectious-disease-epidemiology/index.php#novel-coronavirus-home,0,20200324,,,,,,,,,,,,,,,,
AZ,Arizona,GathRecomAny,20200319,20200320,Recommendation for 10 or fewer occurred on 20200320. Not coded as restriction at present,https://www.azdhs.gov/preparedness/epidemiology-disease-control/infectious-disease-epidemiology/index.php#novel-coronavirus-home,1,20200324,,,,,,,,,,,,,,,,
AR,Arkansas,EmergDec,20200311,20200311,Public Health Emergency,https://governor.arkansas.gov/images/uploads/executiveOrders/EO_20-03.__1.pdf,1,20200324,,,,,,,,,,,,,,,,
AR,Arkansas,SchoolClose,20200315,20200317,in effect 20200317,http://adecm.arkansas.gov/ViewApprovedMemo.aspx?id=4328,1,20200324,,,,,,,,,,,,,,,,
AR,Arkansas,RestaurantRestrict,20200319,20200319,Limited operations required: restaurants and bars,https://www.healthy.arkansas.gov/images/uploads/pdf/Directive_03.19.2020_final.pdf,1,20200324,,,,,,,,,,,,,,,,
AR,Arkansas,StateCurfew,,,Local curfews are occurring. no additional data at present (as reported in NGA policy doc 03.20.2020: https://www.nga.org/wp-content/uploads/2020/03/CoronavirusTrackingChart_20Mar2020.pdf),https://www.nga.org/wp-content/uploads/2020/03/CoronavirusTrackingChart_20Mar2020.pdf,0,20200324,,,,,,,,,,,,,,,,
AR,Arkansas,OtherBusinessClose,20200319,20200319,"Closure required: gyms, indoor entertainment avenues",https://www.healthy.arkansas.gov/images/uploads/pdf/Directive_03.19.2020_final.pdf,1,20200324,,,,,,,,,,,,,,,,
CA,California,EmergDec,20200304,20200304,,https://www.gov.ca.gov/wp-content/uploads/2020/03/3.4.20-Coronavirus-SOE-Proclamation.pdf,1,20200324,,,,,,,,,,,,,,,,
CA,California,GathRestrict250,20200311,20200311,,https://www.cdph.ca.gov/Programs/CID/DCDC/CDPH%20Document%20Library/Gathering_Guidance_03.11.20.pdf,1,20200324,,,,,,,,,,,,,,,,
CA,California,GathRestrictAny,20200311,20200311,,https://www.cdph.ca.gov/Programs/CID/DCDC/CDPH%20Document%20Library/Gathering_Guidance_03.11.20.pdf,1,20200324,,,,,,,,,,,,,,,,
CA,California,RestaurantRestrict,20200315,20200315,"Closure required: bars, wineries, nightclubs and brewpubs",https://www.sacbee.com/news/coronavirus/article241212146.html,1,20200324,,,,,,,,,,,,,,,,
CA,California,NEBusinessClose,20200319,20200319,,https://covid19.ca.gov/img/Executive-Order-N-33-20.pdf,1,20200324,,,,,,,,,,,,,,,,
CA,California,OtherBusinessClose,20200319,20200319,All businesses close at the time of NEBusinessClosure,https://covid19.ca.gov/img/Executive-Order-N-33-20.pdf,1,20200324,,,,,,,,,,,,,,,,
CA,California,StayAtHome,20200319,20200319,Issued/enacted immediatedly. Note shelter-in-place and stay-at-honme are being treated as equivalent at present,https://covid19.ca.gov/img/Executive-Order-N-33-20.pdf,1,20200324,,,,,,,,,,,,,,,,
CA,California,SchoolClose,,,"Local school closures only (according to NGA). From KFF - ""While the CA governor has not officially mandated the statewide closure of schools, the state's mandatory quarantine order effectively closes all schools."" Not currently coding as school closure mandate since a separate mandate did not occur.",,0,20200324,,,,,,,,,,,,,,,,
CO,Colorado,EmergDec,20200310,20200310,State of Emergency,https://www.colorado.gov/governor/news/gov-polis-provides-update-states-response-covid-19,1,20200324,,,,,,,,,,,,,,,,
CO,Colorado,GathRecomAny,20200313,20200313,,https://www.colorado.gov/governor/news/governor-polis-provides-update-states-response-covid-19,1,20200324,,,,,,,,,,,,,,,,
CO,Colorado,GathRestrictAny,20200318,20200319,Effect at midnight 20200319,https://drive.google.com/file/d/1AaKvB7q0LHUfU59bI_q08Lz4rCthailr/view,1,20200324,,,,,,,,,,,,,,,,
CO,Colorado,OtherBusinessClose,20200316,20200317,"Closure required: gyms, theaters, casinos",https://www.colorado.gov/pacific/sites/default/files/atoms/files/Bars%20Restaurants%20PH%20order.pdf,1,20200324,,,,,,,,,,,,,,,,
CO,Colorado,RestaurantRestrict,20200316,20200317,"Limited operations required: restaurants and bars (can have delivery/take-out, off-premise eating only)",https://www.colorado.gov/pacific/sites/default/files/atoms/files/Bars%20Restaurants%20PH%20order.pdf,1,20200324,,,,,,,,,,,,,,,,
CO,Colorado,GathRestrict10,20200318,20200319,Effect at midnight 20200319,https://drive.google.com/file/d/1AaKvB7q0LHUfU59bI_q08Lz4rCthailr/view,1,20200324,,,,,,,,,,,,,,,,
CO,Colorado,SchoolClose,20200318,20200323,in effect 20200323,https://drive.google.com/file/d/1Vz5wNvSyEfH7ylr-ZdUqeEJ_vYVw3wdk/view,1,20200324,,,,,,,,,,,,,,,,
CO,Colorado,OtherBusinessClose,20200319,20200319,"Closure required: non-essential personal services facilities, off-track betting facilities",https://assets.documentcloud.org/documents/6815440/Updated-Bars-Restaurants-PH-Order-31920.pdf,1,20200324,,,,,,,,,,,,,,,,
CT,Connecticut,EmergDec,20200310,20200310,,https://portal.ct.gov/Office-of-the-Governor/News/Press-Releases/2020/03-2020/Governor-Lamont-Coronavirus-Update-March-10-2020-3PM,1,20200324,,,,,,,,,,,,,,,,
CT,Connecticut,GathRestrict250,20200312,20200312,Executive order 7,https://portal.ct.gov/-/media/Office-of-the-Governor/Executive-Orders/Lamont-Executive-Orders/Executive-Order-No-7.pdf?la=en,1,20200324,,,,,,,,,,,,,,,,
CT,Connecticut,GathRestrictAny,20200312,20200312,Executive order 7,https://portal.ct.gov/-/media/Office-of-the-Governor/Executive-Orders/Lamont-Executive-Orders/Executive-Order-No-7.pdf?la=en,1,20200324,,,,,,,,,,,,,,,,
CT,Connecticut,SchoolClose,20200315,20200317,Public school school closure issuance,https://portal.ct.gov/-/media/Office-of-the-Governor/Executive-Orders/Lamont-Executive-Orders/Executive-Order-No-7C.pdf?la=en,1,20200324,,,,,,,,,,,,,,,,
CT,Connecticut,GathRestrict50,20200316,20200316,,https://portal.ct.gov/-/media/Office-of-the-Governor/Executive-Orders/Lamont-Executive-Orders/Executive-Order-No-7D.pdf?la=en,1,20200324,,,,,,,,,,,,,,,,
CT,Connecticut,OtherBusinessClose,20200316,20200316,"Closure required: gyms, fitness studios, movie theaters",https://portal.ct.gov/-/media/Office-of-the-Governor/Executive-Orders/Lamont-Executive-Orders/Executive-Order-No-7D.pdf?la=en,1,20200324,,,,,,,,,,,,,,,,
CT,Connecticut,RestaurantRestrict,20200316,20200316,"Limited operations required: restaurants, bars (only can serve for off-premise consumption)",https://portal.ct.gov/-/media/Office-of-the-Governor/Executive-Orders/Lamont-Executive-Orders/Executive-Order-No-7D.pdf?la=en,1,20200324,,,,,,,,,,,,,,,,
CT,Connecticut,OtherBusinessClose,20200318,20200319,Closure required: shopping malls and other places of public amusement,https://portal.ct.gov/Office-of-the-Governor/News/Press-Releases/2020/03-2020/Governor-Lamont-Coronavirus-Update-March-18-2020-430PM,1,20200324,,,,,,,,,,,,,,,,
CT,Connecticut,NEBusinessClose,20200320,20200323,Non-essential businesses close,https://portal.ct.gov/-/media/Office-of-the-Governor/Executive-Orders/Lamont-Executive-Orders/Executive-Order-No-7H.pdf?la=en,1,20200324,,,,,,,,,,,,,,,,
CT,Connecticut,StateCurfew,,,"Local curfew being recommended, but no documentation of implementation yet (20200316)",,0,20200324,,,,,,,,,,,,,,,,
DE,Delaware,EmergDec,20200312,20200313,Emergency Declaration/Public Health Emergency,https://governor.delaware.gov/wp-content/uploads/sites/24/2020/03/State-of-Emergency_03122020.pdf,1,20200324,,,,,,,,,,,,,,,,
DE,Delaware,GathRecomAny,20200312,20200316,,https://news.delaware.gov/2020/03/12/governor-carney-declares-state-of-emergency-to-prepare-for-spread-of-coronavirus-covid-19/,1,20200324,,,,,,,,,,,,,,,,
DE,Delaware,GathRestrictAny,20200316,20200316,,https://governor.delaware.gov/wp-content/uploads/sites/24/2020/03/Second-Modification-to-the-State-of-Emergency.pdf,1,20200324,,,,,,,,,,,,,,,,
DE,Delaware,SchoolClose,20200313,20200313,Public schools closed,https://governor.delaware.gov/wp-content/uploads/sites/24/2020/03/Letter-to-Schools-03.23.2020.pdf,1,20200324,,,,,,,,,,,,,,,,
DE,Delaware,GathRestrict50,20200316,20200316,,https://governor.delaware.gov/wp-content/uploads/sites/24/2020/03/Second-Modification-to-the-State-of-Emergency.pdf,1,20200324,,,,,,,,,,,,,,,,
DE,Delaware,OtherBusinessClose,20200316,20200316,"Closure required: casinos, bowling alleys, concert events, movie theaters, sports facilities",https://governor.delaware.gov/wp-content/uploads/sites/24/2020/03/Second-Modification-to-the-State-of-Emergency.pdf,1,20200324,,,,,,,,,,,,,,,,
DE,Delaware,RestaurantRestrict,20200316,20200316,"Only can do delivery or take-out/no in-person service. Limited operations required: restaurants, brewpubs, taverns, taprooms",https://governor.delaware.gov/wp-content/uploads/sites/24/2020/03/Second-Modification-to-the-State-of-Emergency.pdf,1,20200324,,,,,,,,,,,,,,,,
DE,Delaware,NEBusinessClose,20200322,20200324,"Non-essential businesses close. issuance on 20200322, in effect on 20200324: https://www.delawarepublic.org/post/gov-carney-issues-stay-home-order-over-covid-19",https://www.delawarepublic.org/post/gov-carney-issues-stay-home-order-over-covid-19,1,20200324,,,,,,,,,,,,,,,,
DE,Delaware,StayAtHome,20200322,20200324,Issued 2020322 for 20200324 enactment: https://www.delawarepublic.org/post/gov-carney-issues-stay-home-order-over-covid-19,https://www.delawarepublic.org/post/gov-carney-issues-stay-home-order-over-covid-19,1,20200324,,,,,,,,,,,,,,,,
DC,District of Columbia,EmergDec,20200311,20200311,Emergency Declaration/Public Health Emergency,https://mayor.dc.gov/sites/default/files/dc/sites/mayormb/release_content/attachments/MO.DeclarationofPublicEmergency03.11.20.pdf,1,20200324,,,,,,,,,,,,,,,,
DC,District of Columbia,SchoolClose,20200320,20200320,Public schools were told to be remained closed on 20200320; may have been out of session earlier due to spring break - need confirmation,https://twitter.com/dcpublicschools/status/1241081893656956931/photo/1,1,20200324,,,,,,,,,,,,,,,,
DC,District of Columbia,GathRestrict50,20200316,20200316,,https://mayor.dc.gov/sites/default/files/dc/sites/mayormb/publication/attachments/MO-Prohibition-on-Mass-Gatherings-During-Public-Health-Emergency.pdf,1,20200324,,,,,,,,,,,,,,,,
DC,District of Columbia,GathRestrict250,20200313,20200313,,https://coronavirus.dc.gov/sites/default/files/dc/sites/coronavirus/release_content/attachments/DOH_Rulemaking_Mass-Gatherings.pdf,1,20200324,,,,,,,,,,,,,,,,
DC,District of Columbia,GathRestrictAny,20200313,20200313,Originally issued from state health department,https://coronavirus.dc.gov/sites/default/files/dc/sites/coronavirus/release_content/attachments/DOH_Rulemaking_Mass-Gatherings.pdf,1,20200324,,,,,,,,,,,,,,,,
DC,District of Columbia,OtherBusinessClose,20200316,20200317,"Closure required: nightclubs, health clubs, spas, massage establishments, theaters",https://mayor.dc.gov/sites/default/files/dc/sites/mayormb/publication/attachments/MO-Prohibition-on-Mass-Gatherings-During-Public-Health-Emergency.pdf,1,20200324,,,,,,,,,,,,,,,,
DC,District of Columbia,RestaurantRestrict,20200316,20200316,"Limited operations: restaurants, taverns - no table seating, can only do delivery and grab-and-go",https://mayor.dc.gov/sites/default/files/dc/sites/mayormb/publication/attachments/MO-Prohibition-on-Mass-Gatherings-During-Public-Health-Emergency.pdf,1,20200324,,,,,,,,,,,,,,,,
FL,Florida,EmergDec,20200309,20200309,,https://www.flgov.com/wp-content/uploads/2020/03/EO-20-52.pdf,1,20200324,,,,,,,,,,,,,,,,
FL,Florida,GathRecomAny,20200317,20200317,"Recommends that people social distance (e.g., follow CDC guidance by limiting gatherings to no more than 10 persons). Not coded as a formal restriction",https://www.flgov.com/wp-content/uploads/orders/2020/EO_20-68.pdf,1,20200324,,,,,,,,,,,,,,,,
FL,Florida,OtherBusinessClose,20200317,20200317,"Closure required: bars, nightclubs",https://www.flgov.com/wp-content/uploads/orders/2020/EO_20-68.pdf,1,20200324,,,,,,,,,,,,,,,,
FL,Florida,OtherBusinessClose,20200320,20200320,"Closure required: gyms, fitness centers",https://www.flgov.com/wp-content/uploads/orders/2020/EO_20-71.pdf,1,20200324,,,,,,,,,,,,,,,,
FL,Florida,SchoolClose,20200317,20200317,,http://www.fldoe.org/newsroom/latest-news/florida-department-of-education-announces-additional-guidance-for-the-2019-20-school-year.stml,1,20200324,,,,,,,,,,,,,,,,
FL,Florida,RestaurantRestrict,20200317,20200317,"On 20200317, 50% capacity ordered. Take-away or off-site premises recommended",https://www.flgov.com/wp-content/uploads/orders/2020/EO_20-68.pdf,1,20200325,,,,,,,,,,,,,,,,
FL,Florida,RestaurantRestrict,20200320,20200320,2020020 suspend all operations minus delivery or take-out,https://www.flgov.com/wp-content/uploads/orders/2020/EO_20-71.pdf,1,20200324,,,,,,,,,,,,,,,,
GA,Georgia,EmergDec,20200314,20200314,Public health emergency declared,https://gov.georgia.gov/document/2020-executive-order/3142002/download,1,20200324,,,,,,,,,,,,,,,,
GA,Georgia,SchoolClose,20200316,20200318,in effect 20200318,https://gov.georgia.gov/document/2020-executive-order/03162001/download,1,20200324,,,,,,,,,,,,,,,,
GA,Georgia,GathRestrict10,20200323,20200324,,https://gov.georgia.gov/document/2020-executive-order/03232001/download,1,20200324,,,,,,,,,,,,,,,,
GA,Georgia,GathRestrictAny,20200323,20200324,,https://gov.georgia.gov/document/2020-executive-order/03232001/download,1,20200324,,,,,,,,,,,,,,,,
GA,Georgia,OtherBusinessClose,20200323,20200324,Closure required: bars,https://gov.georgia.gov/document/2020-executive-order/03232001/download,1,20200324,,,,,,,,,,,,,,,,
HI,Hawaii,EmergDec,20200304,20200304,,https://governor.hawaii.gov/wp-content/uploads/2020/03/2003020-GOV-Emergency-Proclamation_COVID-19.pdf,1,20200324,,,,,,,,,,,,,,,,
HI,Hawaii,GathRestrict100,20200315,20200316,,https://governor.hawaii.gov/newsroom/latest-news/hidoe-news-release-spring-break-extended-through-march-27-for-all-public-schools/,1,20200324,,,,,,,,,,,,,,,,
HI,Hawaii,GathRestrictAny,20200315,20200316,,https://governor.hawaii.gov/newsroom/latest-news/hidoe-news-release-spring-break-extended-through-march-27-for-all-public-schools/,1,20200324,,,,,,,,,,,,,,,,
HI,Hawaii,GathRestrict10,20200317,20200317,,https://governor.hawaii.gov/newsroom/latest-news/proper-use-of-covid-19-tests-imperative-there-is-a-current-shortage-of-hand-sanitizers-and-toilet-paper-in-hawaii-in-part-because-of-the-publics-over-reaction-to-covid-19-the-hawai/,1,20200324,,,,,,,,,,,,,,,,
HI,Hawaii,OtherBusinessClose,20200317,20200317,"Closure required: movie theaters, visitor attractions, tours, and places of worship",https://governor.hawaii.gov/newsroom/latest-news/proper-use-of-covid-19-tests-imperative-there-is-a-current-shortage-of-hand-sanitizers-and-toilet-paper-in-hawaii-in-part-because-of-the-publics-over-reaction-to-covid-19-the-hawai/,1,20200324,,,,,,,,,,,,,,,,
HI,Hawaii,RestaurantRestrict,20200317,20200317,"Limited operations (to drive thru, pick-up, delivery only) restaurants",https://governor.hawaii.gov/newsroom/latest-news/proper-use-of-covid-19-tests-imperative-there-is-a-current-shortage-of-hand-sanitizers-and-toilet-paper-in-hawaii-in-part-because-of-the-publics-over-reaction-to-covid-19-the-hawai/,1,20200324,,,,,,,,,,,,,,,,
HI,Hawaii,SchoolClose,20200319,20200319,"spring break officially extended on 20200315, but no clarity on school closure until later",http://www.hawaiipublicschools.org/ConnectWithUs/MediaRoom/PressReleases/Pages/HIDOE-extends-school-closures-implements-remote-work-to-maintain-essential-functions.aspx,1,20200324,,,,,,,,,,,,,,,,
HI,Hawaii,NEBusinessClose,20200323,20200325,Issued 20200323. in effect on 20200325 https://hawaiicovid19.com/wp-content/uploads/2020/03/2003162-ATG_Third-Supplementary-Proclamation-for-COVID-19-signed-12.pdf,https://hawaiicovid19.com/wp-content/uploads/2020/03/2003162-ATG_Third-Supplementary-Proclamation-for-COVID-19-signed-12.pdf,1,20200324,,,,,,,,,,,,,,,,
HI,Hawaii,StayAtHome,20200323,20200325,Issued 20200323. in effect on 20200325 https://hawaiicovid19.com/wp-content/uploads/2020/03/2003162-ATG_Third-Supplementary-Proclamation-for-COVID-19-signed-12.pdf,https://hawaiicovid19.com/wp-content/uploads/2020/03/2003162-ATG_Third-Supplementary-Proclamation-for-COVID-19-signed-12.pdf,1,20200324,,,,,,,,,,,,,,,,
ID,Idaho,EmergDec,20200313,20200313,,https://gov.idaho.gov/wp-content/uploads/sites/74/2020/03/covid-19-declaration.pdf,1,20200324,,,,,,,,,,,,,,,,
ID,Idaho,GathRecomAny,20200318,20200318,,https://gov.idaho.gov/pressrelease/idaho-adopts-latest-federal-guidance-to-prevent-coronavirus-spread/,1,20200324,,,,,,,,,,,,,,,,
ID,Idaho,SchoolClose,,,Local school closures only (according to NGA),https://www.nga.org/wp-content/uploads/2020/03/CoronavirusTrackingChart_24Mar2020.xlsx,0,20200324,,,,,,,,,,,,,,,,
ID,Idaho,StayAtHome,,,Blaine County put under shelter in place on 20200319,https://www.co.blaine.id.us/DocumentCenter/View/11082/English-and-Spanish-Press-Release-Shelter-in-Place-Order?bidId=,0,20200324,,,,,,,,,,,,,,,,
IL,Illinois,EmergDec,20200309,20200309,,https://www2.illinois.gov/Pages/news-item.aspx?ReleaseID=21220,1,20200324,,,,,,,,,,,,,,,,
IL,Illinois,GathRestrict1000,20200313,20200313,,https://www2.illinois.gov/Pages/Executive-Orders/ExecutiveOrder2020-04.aspx,1,20200324,,,,,,,,,,,,,,,,
IL,Illinois,GathRestrictAny,20200313,20200313,,https://www2.illinois.gov/Pages/Executive-Orders/ExecutiveOrder2020-04.aspx,1,20200324,,,,,,,,,,,,,,,,
IL,Illinois,SchoolClose,20200313,20200317,All public and private schools closed for educational purposes,https://www2.illinois.gov/Pages/Executive-Orders/ExecutiveOrder2020-05.aspx,1,20200324,,,,,,,,,,,,,,,,
IL,Illinois,RestaurantRestrict,20200316,20200316,"Limited operations required (delivery, carry-out, drive-through only): restaurants, bars",https://www2.illinois.gov/Pages/Executive-Orders/ExecutiveOrder2020-07.aspx,1,20200324,,,,,,,,,,,,,,,,
IL,Illinois,GathRestrict50,20200316,20200318,,https://www2.illinois.gov/Pages/Executive-Orders/ExecutiveOrder2020-07.aspx,1,20200324,,,,,,,,,,,,,,,,
IL,Illinois,NEBusinessClose,20200320,20200321,Non-essential business closure,https://www2.illinois.gov/Pages/Executive-Orders/ExecutiveOrder2020-10.aspx,1,20200324,,,,,,,,,,,,,,,,
IL,Illinois,OtherBusinessClose,20200320,20200321,Non-essential business closure,https://www2.illinois.gov/Pages/Executive-Orders/ExecutiveOrder2020-10.aspx,1,20200324,,,,,,,,,,,,,,,,
IL,Illinois,StayAtHome,20200320,20200321,Stay at home mandated,https://www2.illinois.gov/Pages/Executive-Orders/ExecutiveOrder2020-10.aspx,1,20200324,,,,,,,,,,,,,,,,
IN,Indiana,EmergDec,20200306,20200306,Public Health Emergency,https://calendar.in.gov/site/gov/event/gov-holcomb-announces-first-coronavirus-case-declares-public-health-emergency/,1,20200324,,,,,,,,,,,,,,,,
IN,Indiana,GathRestrict250,20200312,20200312,,https://calendar.in.gov/site/gov/event/gov-holcomb-announces-new-steps-to-protect-public-from-covid-19/,1,20200324,,,,,,,,,,,,,,,,
IN,Indiana,GathRestrictAny,20200312,20200312,,https://calendar.in.gov/site/gov/event/gov-holcomb-announces-new-steps-to-protect-public-from-covid-19/,1,20200324,,,,,,,,,,,,,,,,
IN,Indiana,GathRecomAny,20200316,20200316,Recommended to follow CDC's restrictions (no in-person events of 50+). Not coded as formal restriction for the state,https://www.in.gov/gov/files/ExecutiveOrder20-04FurtherOrdersforPublicHealthEmergency.pdf,1,20200324,,,,,,,,,,,,,,,,
IN,Indiana,OtherBusinessClose,20200316,20200316,Limited operations required: nightclubs,https://www.in.gov/gov/files/ExecutiveOrder20-04FurtherOrdersforPublicHealthEmergency.pdf,1,20200324,,,,,,,,,,,,,,,,
IN,Indiana,RestaurantRestrict,20200316,20200316,"Limited operations required (requires to have drive-thru, pick-up, delivery only): restaurants, bars",https://www.in.gov/gov/files/ExecutiveOrder20-04FurtherOrdersforPublicHealthEmergency.pdf,1,20200324,,,,,,,,,,,,,,,,
IN,Indiana,SchoolClose,20200319,20200319,,https://calendar.in.gov/site/gov/event/gov-holcomb-takes-more-actions-to-protect-hoosiers-during-public-emergency/,1,20200324,,,,,,,,,,,,,,,,
IN,Indiana,NEBusinessClose,20200323,20200324,"Non-essential business closure issued on 20200323, to be enacted 11:59 pm 20200324",https://www.in.gov/gov/files/Executive_Order_20-08_Stay_at_Home.pdf,1,20200324,,,,,,,,,,,,,,,,
IN,Indiana,StayAtHome,20200323,20200324,"Issued 20200323, to be enacted at 20200324 at 11:59 pm: https://www.in.gov/gov/2384.htm",https://www.in.gov/gov/files/Executive_Order_20-08_Stay_at_Home.pdf,1,20200324,,,,,,,,,,,,,,,,
IA,Iowa,EmergDec,20200309,20200309,Public Health Disaster,https://idph.iowa.gov/News/ArtMID/646/ArticleID/158298/Gov-Reynolds-signs-Disaster-Proclamation-Following-Additional-COVID-19-Cases-in-Iowa-3920,1,20200324,,,,,,,,,,,,,,,,
IA,Iowa,GathRestrict10,20200317,20200317,,https://governor.iowa.gov/sites/default/files/documents/Public%20Health%20Proclamation%20-%202020.03.17.pdf,1,20200324,,,,,,,,,,,,,,,,
IA,Iowa,GathRestrictAny,20200317,20200317,,https://governor.iowa.gov/sites/default/files/documents/Public%20Health%20Proclamation%20-%202020.03.17.pdf,1,20200324,,,,,,,,,,,,,,,,
IA,Iowa,RestaurantRestrict,20200317,20200317,"Limited operations required (only take-out, delivery, drive through): restaurants, bars",https://governor.iowa.gov/sites/default/files/documents/Public%20Health%20Proclamation%20-%202020.03.17.pdf,1,20200324,,,,,,,,,,,,,,,,
IA,Iowa,OtherBusinessClose,20200317,20200317,"Closure required: fitness centers, health clubs, gyms, aquatic centers, theaters, performance venues, casinos",https://governor.iowa.gov/sites/default/files/documents/Public%20Health%20Proclamation%20-%202020.03.17.pdf,1,20200324,,,,,,,,,,,,,,,,
IA,Iowa,SchoolClose,,,"20200315 - Iowa schools recommended to close for 4 weeks, NGA says only local closings",,0,20200324,,,,,,,,,,,,,,,,
KS,Kansas,EmergDec,20200312,20200312,,https://governor.kansas.gov/governor-issues-emergency-declaration-for-covid-19/,1,20200324,,,,,,,,,,,,,,,,
KS,Kansas,GathRestrict50,20200317,20200317,,https://governor.kansas.gov/wp-content/uploads/2020/03/20-04-Executed.pdf,1,20200324,,,,,,,,,,,,,,,,
KS,Kansas,GathRestrictAny,20200317,20200317,,https://governor.kansas.gov/wp-content/uploads/2020/03/20-04-Executed.pdf,1,20200324,,,,,,,,,,,,,,,,
KS,Kansas,SchoolClose,20200317,20200317,Closing all public and private schools,https://governor.kansas.gov/wp-content/uploads/2020/03/EO-20-07-Executed.pdf,1,20200324,,,,,,,,,,,,,,,,
KY,Kentucky,EmergDec,20200306,20200306,,https://governor.ky.gov/attachments/20200306_Executive-Order_2020-215.pdf,1,20200324,,,,,,,,,,,,,,,,
KY,Kentucky,GathRecomAny,20200311,20200311,On 3/11/2020: Advised that all community gatherings should be cancelled or postponed. Not coded as restriction at present.,https://governor.ky.gov/covid19,1,20200324,,,,,,,,,,,,,,,,
KY,Kentucky,RestaurantRestrict,20200316,20200316,"Limited operations required (carry-out, delivery, drive thru only): bars, restaurants",https://governor.ky.gov/attachments/20200316_Order_Restaurant-Closure.pdf,1,20200324,,,,,,,,,,,,,,,,
KY,Kentucky,OtherBusinessClose,20200317,20200318,"Closure required: entertainment, hospitality and recreational facilities, community and recreation centers, gyms and exercise facilities, hair salons, nail salons, spas, concert venues, theaters, and sporting event facilities.",https://governor.ky.gov/attachments/20200317_Order_Public-Facing-Businesses.pdf,1,20200324,,,,,,,,,,,,,,,,
KY,Kentucky,GathRestrictAny,20200319,20200319,"Bans mass gatherings, does not clearly define mass gathering. Coded as restriction any at present",https://governor.ky.gov/attachments/20200319_Order_Mass-Gatherings.pdf,1,20200324,,,,,,,,,,,,,,,,
KY,Kentucky,NEBusinessClose,20200322,20200323,All in-person retail businesses that aren't life-sustaining to close at 8:00 pm on 20200323,https://governor.ky.gov/attachments/20200322_Executive-Order_2020-246_Retail.pdf,1,20200324,,,,,,,,,,,,,,,,
LA,Louisiana,EmergDec,20200311,20200311,Public Health Emergency,https://gov.louisiana.gov/index.cfm/newsroom/detail/2400,1,20200324,,,,,,,,,,,,,,,,
LA,Louisiana,GathRestrict250,20200313,20200313,,https://gov.louisiana.gov/assets/ExecutiveOrders/27-JBE-2020-COVID-19.pdf,1,20200324,,,,,,,,,,,,,,,,
LA,Louisiana,GathRestrictAny,20200313,20200313,,https://gov.louisiana.gov/assets/ExecutiveOrders/27-JBE-2020-COVID-19.pdf,1,20200324,,,,,,,,,,,,,,,,
LA,Louisiana,SchoolClose,20200313,20200313,Public school closure,https://gov.louisiana.gov/assets/ExecutiveOrders/27-JBE-2020-COVID-19.pdf,1,20200324,,,,,,,,,,,,,,,,
LA,Louisiana,GathRestrict50,20200316,20200317,"Issued on the 16th, into effect on the 17th",https://gov.louisiana.gov/assets/ExecutiveOrders/JBE-EO-30.pdf,1,20200324,,,,,,,,,,,,,,,,
LA,Louisiana,OtherBusinessClose,20200316,20200317,"Closure required: bars, gyms, movie theaters, casinos // non-essential businesses closed on 20200322",https://gov.louisiana.gov/assets/ExecutiveOrders/JBE-EO-30.pdf,1,20200324,,,,,,,,,,,,,,,,
LA,Louisiana,RestaurantRestrict,20200316,20200317,"Limited operations required (only can do take-out, drive-thru, delivery): restaurants, cafes, coffee shops",https://gov.louisiana.gov/assets/ExecutiveOrders/JBE-EO-30.pdf,1,20200324,,,,,,,,,,,,,,,,
LA,Louisiana,GathRestrict10,20200322,20200322,,https://gov.louisiana.gov/assets/Proclamations/2020/JBE-33-2020.pdf,1,20200324,,,,,,,,,,,,,,,,
LA,Louisiana,NEBusinessClose,20200322,20200322,Non-essential businesses closed on 20200322,https://gov.louisiana.gov/assets/Proclamations/2020/JBE-33-2020.pdf,1,20200324,,,,,,,,,,,,,,,,
LA,Louisiana,StayAtHome,20200322,20200322,"""General stay-at-home order""",https://gov.louisiana.gov/assets/Proclamations/2020/JBE-33-2020.pdf,1,20200324,,,,,,,,,,,,,,,,
LA,Louisiana,StateCurfew,,,Local curfews are occurring. no additional data at present - need to source,,0,20200324,,,,,,,,,,,,,,,,
ME,Maine,GathRecomAny,20200312,20200312,,https://www.maine.gov/governor/mills/news/governor-mills-maine-cdc-announce-first-presumptive-positive-case-and-additional-steps-respond,1,20200324,,,,,,,,,,,,,,,,
ME,Maine,EmergDec,20200315,20200315,Civil emergency proclamation,https://www.maine.gov/governor/mills/sites/maine.gov.governor.mills/files/inline-files/Proclamation%20of%20State%20of%20Civil%20Emergency%20To%20Further%20Protect%20Public%20Health.pdf,1,20200324,,,,,,,,,,,,,,,,
ME,Maine,GathRestrict10,20200318,20200318,,https://www.maine.gov/governor/mills/sites/maine.gov.governor.mills/files/inline-files/Executive%20Order%20to%20Protect%20Public%20Health%20.pdf,1,20200324,,,,,,,,,,,,,,,,
ME,Maine,GathRestrictAny,20200318,20200318,,https://www.maine.gov/governor/mills/sites/maine.gov.governor.mills/files/inline-files/Executive%20Order%20to%20Protect%20Public%20Health%20.pdf,1,20200324,,,,,,,,,,,,,,,,
ME,Maine,RestaurantRestrict,20200318,20200318,"Limited operations required (carry-out, delivery, drive-through only): restaurants, bars",https://www.maine.gov/governor/mills/sites/maine.gov.governor.mills/files/inline-files/Executive%20Order%20to%20Protect%20Public%20Health%20.pdf,1,20200324,,,,,,,,,,,,,,,,
ME,Maine,SchoolClose,,,"School closures recommended, not mandated yet - local discretion",https://www.maine.gov/governor/mills/news/governor-announces-significant-recommendations-signs-civil-emergency-proclamation-respond,0,20200324,,,,,,,,,,,,,,,,
ME,Maine,StateCurfew,,,Local curfews are occurring. no additional data at present,,0,20200324,,,,,,,,,,,,,,,,
ME,Maine,NEBusinessClose,20200324,20200325,Nonessential business closure,https://www.maine.gov/governor/mills/sites/maine.gov.governor.mills/files/inline-files/Executive%20Order%20to%20Protect%20Public%20Health%20.pdf,1,20200324,,,,,,,,,,,,,,,,
MD,Maryland,EmergDec,20200305,20200305,,https://governor.maryland.gov/wp-content/uploads/2020/03/Proclamation-COVID-19.pdf,1,20200324,,,,,,,,,,,,,,,,
MD,Maryland,SchoolClose,20200312,20200316,3/16 closure start date,https://news.maryland.gov/msde/state-superintendent-salmon-announces-temporary-closure-of-maryland-public-schools/,1,20200324,,,,,,,,,,,,,,,,
MD,Maryland,GathRestrict50,20200316,20200316,,https://governor.maryland.gov/wp-content/uploads/2020/03/Executive-Order-Amending-Large-Gatherings.pdf,1,20200324,,,,,,,,,,,,,,,,
MD,Maryland,GathRestrictAny,20200316,20200316,,https://governor.maryland.gov/wp-content/uploads/2020/03/Executive-Order-Amending-Large-Gatherings.pdf,1,20200324,,,,,,,,,,,,,,,,
MD,Maryland,OtherBusinessClose,20200316,20200316,"Closure required: casinos, racetracks, betting facilities, bars, theaters, fitness centers, bingo halls",https://governor.maryland.gov/wp-content/uploads/2020/03/Executive-Order-Amending-Large-Gatherings.pdf,1,20200324,,,,,,,,,,,,,,,,
MD,Maryland,RestaurantRestrict,20200316,20200316,"Limited operations required (carry-out or drive-through, off-premise only): restaurants, bars",https://governor.maryland.gov/wp-content/uploads/2020/03/Executive-Order-Amending-Large-Gatherings.pdf,1,20200324,,,,,,,,,,,,,,,,
MD,Maryland,GathRestrict10,20200319,20200319,Referenced in 20200323 order,https://governor.maryland.gov/2020/03/19/governor-hogan-announces-further-actions-to-slow-the-spread-of-covid-19-relaunches-maryland-unites-initiative/,1,20200324,,,,,,,,,,,,,,,,
MD,Maryland,OtherBusinessClose,20200319,20200319,"Closure required: shopping malls, bowling alleys, bingo halls, othres",https://governor.maryland.gov/2020/03/19/governor-hogan-announces-further-actions-to-slow-the-spread-of-covid-19-relaunches-maryland-unites-initiative/,1,20200324,,,,,,,,,,,,,,,,
MD,Maryland,NEBusinessClose,20200323,20200323,Non-essential businesses closed,https://governor.maryland.gov/wp-content/uploads/2020/03/Gatherings-THIRD-AMENDED-3.23.20.pdf,1,20200324,,,,,,,,,,,,,,,,
MA,Massachusetts,EmergDec,20200310,20200310,,https://www.mass.gov/executive-orders/no-591-declaration-of-a-state-of-emergency-to-respond-to-covid-19,1,20200324,,,,,,,,,,,,,,,,
MA,Massachusetts,GathRestrict250,20200313,20200313,,https://www.mass.gov/doc/order-prohibiting-gatherings-of-more-than-250-people/download,1,20200324,,,,,,,,,,,,,,,,
MA,Massachusetts,GathRestrictAny,20200313,20200313,,https://www.mass.gov/doc/order-prohibiting-gatherings-of-more-than-250-people/download,1,20200324,,,,,,,,,,,,,,,,
MA,Massachusetts,GathRestrict25,20200315,20200317,Rescinds 250 restriction,https://www.mass.gov/doc/march-16-2020-large-gathering-at-25-people-order/download,1,20200324,,,,,,,,,,,,,,,,
MA,Massachusetts,RestaurantRestrict,20200315,20200317,"Limited operations required (off premise only): restaurants, bars",https://www.mass.gov/doc/march-16-2020-large-gathering-at-25-people-order/download,1,20200324,,,,,,,,,,,,,,,,
MA,Massachusetts,SchoolClose,20200315,20200317,Suspend all public/private schools starting 20200317,https://www.mass.gov/doc/march-16-2020-k-12-school-closing-order/download,1,20200324,,,,,,,,,,,,,,,,
MA,Massachusetts,OtherBusinessClose,20200318,20200323,Closure required: early education and child care centers,https://www.mass.gov/news/baker-polito-administration-makes-new-announcements-on-childcare-small-business-tax-relief-and,1,20200324,,,,,,,,,,,,,,,,
MA,Massachusetts,GathRestrict10,20200323,20200324,,https://www.mass.gov/doc/march-23-2020-essential-services-and-revised-gatherings-order/download,1,20200324,,,,,,,,,,,,,,,,
MA,Massachusetts,NEBusinessClose,20200323,20200324,All non-essential services closed; enacted at 20200324,https://www.mass.gov/doc/march-23-2020-essential-services-and-revised-gatherings-order/download,1,20200324,,,,,,,,,,,,,,,,
MA,Massachusetts,StayAtHome,,,"NEBusiness closure advises people to stay home, but not mandate: ""due to evolving spread of COVID-19 in Massachusetts, Governor Baker has directed the Department of Public Health to issue a stay at home advisory outlining self-isolation and social distancing protocols. Residents are advised to stay home and avoid unnecessary travel and other unnecessary activities during this two-week time period."" Currently not coding as formal stay-at-home/shelter in place.",https://www.mass.gov/news/governor-charlie-baker-orders-all-non-essential-businesses-to-cease-in-person-operation,1,20200324,,,,,,,,,,,,,,,,
MI,Michigan,EmergDec,20200310,20200310,,"https://www.michigan.gov/whitmer/0,9309,7-387-90499_90640-521365--,00.html",1,20200324,,,,,,,,,,,,,,,,
MI,Michigan,SchoolClose,20200312,20200316,,"https://www.michigan.gov/whitmer/0,9309,7-387-90499_90705-521595--,00.html",1,20200324,,,,,,,,,,,,,,,,
MI,Michigan,GathRestrict50,20200316,20200317,,https://www.mlive.com/public-interest/2020/03/michigan-gov-gretchen-whitmer-bans-events-and-gatherings-of-more-than-50-people-amid-coronavirus-outbreak.html,1,20200324,,,,,,,,,,,,,,,,
MI,Michigan,GathRestrict250,20200312,20200313,,"https://www.michigan.gov/whitmer/0,9309,7-387-90499_90705-521595--,00.html",1,20200324,,,,,,,,,,,,,,,,
MI,Michigan,GathRestrictAny,20200312,20200313,,"https://www.michigan.gov/whitmer/0,9309,7-387-90499_90705-521595--,00.html",1,20200324,,,,,,,,,,,,,,,,
MI,Michigan,OtherBusinessClose,20200316,20200316,"Closure required: casinos, bars, theaters, libraries and museums, fitness centers, gyms, spas, places of public amusement","https://www.michigan.gov/whitmer/0,9309,7-387-90499_90705-521789--,00.html",1,20200324,,,,,,,,,,,,,,,,
MI,Michigan,RestaurantRestrict,20200316,20200316,"Limited operations required (take-out, delivery, off-site consumption): restaurants, bars, taverns","https://www.michigan.gov/whitmer/0,9309,7-387-90499_90705-521789--,00.html",1,20200324,,,,,,,,,,,,,,,,
MI,Michigan,NEBusinessClose,20200323,20200323,"All non-essential services closed: https://content.govdelivery.com/attachments/MIEOG/2020/03/23/file_attachments/1408152/EO%202020-21%20Stay%20Home,%20Stay%20Safe.pdf","https://www.michigan.gov/whitmer/0,9309,7-387-90499_90705-522626--,00.html",1,20200324,,,,,,,,,,,,,,,,
MI,Michigan,StayAtHome,20200323,20200324,Issued on 20200323. to be enacted on 20200324,"https://www.michigan.gov/whitmer/0,9309,7-387-90499_90705-522626--,00.html",1,20200324,,,,,,,,,,,,,,,,
MN,Minnesota,EmergDec,20200313,20200313,Peace time emergency declared,https://mn.gov/governor/assets/EO%2020-01_tcm1055-422957.pdf,1,20200324,,,,,,,,,,,,,,,,
MN,Minnesota,GathRecomAny,20200313,20200313,,https://mn.gov/governor/assets/EO%2020-01_tcm1055-422957.pdf,1,20200324,,,,,,,,,,,,,,,,
MN,Minnesota,SchoolClose,20200315,20200318,All public schools,https://mn.gov/governor/assets/EO%2020-02%20Final_tcm1055-423084.pdf,1,20200324,,,,,,,,,,,,,,,,
MN,Minnesota,OtherBusinessClose,20200316,20200317,"Closure required: theaters, cinemas, fitness centers, amusement parks, entertainment facilities",https://mn.gov/governor/assets/2020_03_16_EO_20_04_Bars_Restaurants_tcm1055-423380.pdf,1,20200324,,,,,,,,,,,,,,,,
MN,Minnesota,RestaurantRestrict,20200316,20200317,"Limited operations required (to-go, delivery, off-site consumption required): restaurants, bars",https://mn.gov/governor/assets/2020_03_16_EO_20_04_Bars_Restaurants_tcm1055-423380.pdf,1,20200324,,,,,,,,,,,,,,,,
MS,Mississippi,EmergDec,20200314,20200314,,https://www.usnews.com/news/best-states/mississippi/articles/2020-03-14/mississippi-governor-declares-emergency-to-fight-coronavirus,1,20200324,,,,,,,,,,,,,,,,
MS,Mississippi,SchoolClose,20200319,20200319,Public school closure,https://www.sos.ms.gov/Pages/Gov--Reeves-Announces-Extended-School-Closures.aspx,1,20200324,,,,,,,,,,,,,,,,
MO,Missouri,EmergDec,20200313,20200313,,https://www.sos.mo.gov/CMSImages/Library/Reference/Orders/2020/20-02.pdf,1,20200324,,,,,,,,,,,,,,,,
MO,Missouri,GathRecomAny,20200315,20200315,Recommends 50 or less; does not restrict,https://governor.mo.gov/press-releases/archive/governor-parsons-statement-regarding-cdc-recommendations-mass-gatherings-and,1,20200324,,,,,,,,,,,,,,,,
MO,Missouri,OtherBusinessClose,20200317,20200317,Closure required: casinos,https://www.newstribune.com/news/health/story/2020/mar/17/missouri-records-sixth-coronavirus-case/821003/,1,20200324,,,,,,,,,,,,,,,,
MO,Missouri,GathRestrict10,20200321,20200323,,https://health.mo.gov/living/healthcondiseases/communicable/novel-coronavirus/pdf/social-distancing-order.pdf,1,20200324,,,,,,,,,,,,,,,,
MO,Missouri,GathRestrictAny,20200321,20200323,,https://health.mo.gov/living/healthcondiseases/communicable/novel-coronavirus/pdf/social-distancing-order.pdf,1,20200324,,,,,,,,,,,,,,,,
MO,Missouri,RestaurantRestrict,20200321,20200323,"Limited operations required (can have drive-thru, pick-up, delivery options): restaurants, bars",https://health.mo.gov/living/healthcondiseases/communicable/novel-coronavirus/pdf/social-distancing-order.pdf,1,20200324,,,,,,,,,,,,,,,,
MO,Missouri,SchoolClose,20200321,20200323,All schools to close on 20200323,https://health.mo.gov/living/healthcondiseases/communicable/novel-coronavirus/pdf/social-distancing-order.pdf,1,20200324,,,,,,,,,,,,,,,,
MT,Montana,EmergDec,20200312,20200312,,http://governor.mt.gov/Portals/16/docs/2020EOs/EO-02-2020_COVID-19%20Emergency%20Declaration.pdf?ver=2020-03-13-103433-047,1,20200324,,,,,,,,,,,,,,,,
MT,Montana,GathRecomAny,20200315,20200315,Strongly recommends public limits gatherings to 50 or less. Does not formally restrict,http://governor.mt.gov/pressroom/governor-bullock-directs-the-closure-of-public-k-12-schools-for-two-weeks-strongly-recommends-social-distancing-measures-to-slow-the-spread-of-covid-19,1,20200324,,,,,,,,,,,,,,,,
MT,Montana,SchoolClose,20200315,20200316,Effective March 16,http://governor.mt.gov/pressroom/governor-bullock-directs-the-closure-of-public-k-12-schools-for-two-weeks-strongly-recommends-social-distancing-measures-to-slow-the-spread-of-covid-19,1,20200324,,,,,,,,,,,,,,,,
MT,Montana,OtherBusinessClose,20200320,20200320,"Closure required: casinos, fitness centers, entertainment venues, ski areas, bowling alleys, music halls",http://governor.mt.gov/Portals/16/Directive%20on%20Bars%20and%20Restaurants.pdf?ver=2020-03-20-101314-937,1,20200324,,,,,,,,,,,,,,,,
MT,Montana,RestaurantRestrict,20200320,20200320,"Limited operations required (delivery, window service, drive through): restaurants, bars, food establishments",http://governor.mt.gov/Portals/16/Directive%20on%20Bars%20and%20Restaurants.pdf?ver=2020-03-20-101314-937,1,20200324,,,,,,,,,,,,,,,,
NE,Nebraska,EmergDec,20200313,20200313,,https://www.dropbox.com/s/64xel8oha2gw22h/2020%20State%20of%20Emergency%20-%20Coronavirus%20.pdf?dl=0,1,20200324,,,,,,,,,,,,,,,,
NE,Nebraska,GathRestrict50,20200316,20200316,,https://governor.nebraska.gov/press/gov-ricketts-further-limits-events-gatherings-prevent-covid-19-spread,1,20200324,,,,,,,,,,,,,,,,
NE,Nebraska,GathRestrictAny,20200316,20200316,,https://governor.nebraska.gov/press/gov-ricketts-further-limits-events-gatherings-prevent-covid-19-spread,1,20200324,,,,,,,,,,,,,,,,
NE,Nebraska,GathRestrict10,20200319,20200319,,https://www.dropbox.com/s/sk95elfp6bnefsv/DHM%203.19.2020.pdf?dl=0,1,20200324,,,,,,,,,,,,,,,,
NE,Nebraska,RestaurantRestrict,20200319,20200319,"Limited operations required (carry-out, delivery, drive-thru only): restaurants, bars",https://www.dropbox.com/s/sk95elfp6bnefsv/DHM%203.19.2020.pdf?dl=0,1,20200324,,,,,,,,,,,,,,,,
NE,Nebraska,SchoolClose,,,Local school closures only (according to NGA),,0,20200324,,,,,,,,,,,,,,,,
NV,Nevada,EmergDec,20200312,20200312,,https://news3lv.com/news/local/governor-sisolak-declares-state-of-emergency-amid-to-coronavirus,1,20200324,,,,,,,,,,,,,,,,
NV,Nevada,GathRecomAny,20200312,20200312,,http://gov.nv.gov/News/Press/2020/Governor_Sisolak_Declares_State_of_Emergency_in_Response_to_COVID-19/,1,20200324,,,,,,,,,,,,,,,,
NV,Nevada,SchoolClose,20200315,20200316,"All schools (public, private, charter)",https://thehill.com/homenews/state-watch/487697-nevada-schools-to-close-through-early-april-due-to-coronavirus,1,20200324,,,,,,,,,,,,,,,,
NV,Nevada,OtherBusinessClose,20200317,20200317,Closure required: casinos,http://gov.nv.gov/News/Press/2020/Governor_Sisolak_Announces_COVID-19_Risk_Mitigation_Initiatives/,1,20200324,,,,,,,,,,,,,,,,
NV,Nevada,RestaurantRestrict,20200317,20200317,"Limited operations required (carry-out, drive-thru, delivery only): restaurants, bars",http://gov.nv.gov/News/Press/2020/Governor_Sisolak_Announces_COVID-19_Risk_Mitigation_Initiatives/,1,20200324,,,,,,,,,,,,,,,,
NV,Nevada,GathRestrictAny,20200319,20200319,,https://www.dropbox.com/s/sk95elfp6bnefsv/DHM%203.19.2020.pdf?dl=0,1,20200324,,,,,,,,,,,,,,,,
NV,Nevada,GathRestrict10,20200319,20200319,,https://www.dropbox.com/s/sk95elfp6bnefsv/DHM%203.19.2020.pdf?dl=0,1,20200324,,,,,,,,,,,,,,,,
NV,Nevada,NEBusinessClose,20200320,20200320,"""Non-Essential Business shall close effective March 20, 2020, at 11:59 p.m., for the duration that this Directive shall be in effect.""",http://gov.nv.gov/News/Emergency_Orders/2020/2020-03-20_-_COVID-19_Declaration_of_Emergency_Directive_003/,1,20200324,,,,,,,,,,,,,,,,
NH,New Hampshire,EmergDec,20200313,20200313,,https://www.governor.nh.gov/news-media/orders-2020/documents/2020-04.pdf,1,20200324,,,,,,,,,,,,,,,,
NH,New Hampshire,SchoolClose,20200315,20200316,All public schools to close,https://www.governor.nh.gov/news-media/emergency-orders/documents/emergency-order-1.pdf,1,20200324,,,,,,,,,,,,,,,,
NH,New Hampshire,GathRestrict50,20200316,20200316,,https://www.governor.nh.gov/news-media/emergency-orders/documents/emergency-order-2.pdf,1,20200324,,,,,,,,,,,,,,,,
NH,New Hampshire,GathRestrictAny,20200316,20200316,,https://www.governor.nh.gov/news-media/emergency-orders/documents/emergency-order-2.pdf,1,20200324,,,,,,,,,,,,,,,,
NH,New Hampshire,RestaurantRestrict,20200316,20200316,"Limited operations required (carry-out, delivery, pick-up, and drive-thru only): restaurants, bars",https://www.governor.nh.gov/news-media/emergency-orders/documents/emergency-order-2.pdf,1,20200324,,,,,,,,,,,,,,,,
NJ,New Jersey,EmergDec,20200309,20200309,,https://nj.gov/infobank/eo/056murphy/pdf/EO-103.pdf,1,20200324,,,,,,,,,,,,,,,,
NJ,New Jersey,GathRecomAny,20200312,20200312,,https://nj.gov/governor/news/news/562020/approved/20200312a.shtml,1,20200324,,,,,,,,,,,,,,,,
NJ,New Jersey,GathRestrictAny,20200316,20200316,,https://nj.gov/infobank/eo/056murphy/pdf/EO-104.pdf,1,20200324,,,,,,,,,,,,,,,,
NJ,New Jersey,GathRestrict50,20200316,20200316,,https://nj.gov/infobank/eo/056murphy/pdf/EO-104.pdf,1,20200324,,,,,,,,,,,,,,,,
NJ,New Jersey,RestaurantRestrict,20200316,20200316,"Limited operations required (limited to delivery, take-out services): restaurants, bars",https://nj.gov/infobank/eo/056murphy/pdf/EO-104.pdf,1,20200324,,,,,,,,,,,,,,,,
NJ,New Jersey,SchoolClose,20200316,20200318,"All schools close (public, private, parochial)",https://nj.gov/governor/news/news/562020/approved/20200316f.shtml,1,20200324,,,,,,,,,,,,,,,,
NJ,New Jersey,StateCurfew,20200316,20200316,,https://nj.gov/governor/news/news/562020/approved/20200316e.shtml,1,20200324,,,,,,,,,,,,,,,,
NJ,New Jersey,OtherBusinessClose,20200316,20200316,"Closure required: casinos, racetracks, gyms, fitness centers, entertainment centers",https://nj.gov/infobank/eo/056murphy/pdf/EO-104.pdf,1,20200324,,,,,,,,,,,,,,,,
NJ,New Jersey,NEBusinessClose,20200321,20200321,"""The brick-and-mortar premises of all non-essential retail businesses must close to the public as long as this Order remains in effect.""",https://nj.gov/infobank/eo/056murphy/pdf/EO-107.pdf,1,20200324,,,,,,,,,,,,,,,,
NJ,New Jersey,StayAtHome,20200321,20200321,"""All New Jersey residents shall remain home or at their place of residence unless they are...""",https://nj.gov/infobank/eo/056murphy/pdf/EO-107.pdf,1,20200324,,,,,,,,,,,,,,,,
NM,New Mexico,EmergDec,20200311,20200311,Public Health Emergency,https://cv.nmhealth.org/wp-content/uploads/2020/03/Executive-Order-2020-004.pdf,1,20200324,,,,,,,,,,,,,,,,
NM,New Mexico,SchoolClose,20200313,20200316,in effect 20200316,https://www.governor.state.nm.us/wp-content/uploads/2020/03/Executive-Order-2020-005.pdf,1,20200324,,,,,,,,,,,,,,,,
NM,New Mexico,GathRestrict100,20200316,20200316,"Prohibits all mass gatherings, as defined as 100+",https://www.governor.state.nm.us/wp-content/uploads/2020/03/AMENDED-PUBLIC-HEALTH-ORDER.pdf,1,20200324,,,,,,,,,,,,,,,,
NM,New Mexico,GathRestrictAny,20200316,20200316,,https://www.governor.state.nm.us/wp-content/uploads/2020/03/AMENDED-PUBLIC-HEALTH-ORDER.pdf,1,20200324,,,,,,,,,,,,,,,,
NM,New Mexico,GathRestrict10,20200319,20200319,,https://www.governor.state.nm.us/wp-content/uploads/2020/03/SIGNED_UPDATED_DOH_PHO.pdf,1,20200324,,,,,,,,,,,,,,,,
NM,New Mexico,OtherBusinessClose,20200316,20200316,"Closure required: casinos, horse racing facilities",https://www.governor.state.nm.us/wp-content/uploads/2020/03/AMENDED-PUBLIC-HEALTH-ORDER.pdf,1,20200324,,,,,,,,,,,,,,,,
NM,New Mexico,RestaurantRestrict,20200319,20200319,"Limited operations required (take-out or home delivery only): restaurants, bars, food establishments,, initial limitations enacted on 20200316, but limited to 50% capacity",https://www.governor.state.nm.us/wp-content/uploads/2020/03/SIGNED_UPDATED_DOH_PHO.pdf,1,20200324,,,,,,,,,,,,,,,,
NM,New Mexico,OtherBusinessClose,20200319,20200319,"Closure required: indoor shopping malls, recreational facilities, health clubs, theaters, flea markets",https://www.governor.state.nm.us/wp-content/uploads/2020/03/SIGNED_UPDATED_DOH_PHO.pdf,1,20200324,,,,,,,,,,,,,,,,
NM,New Mexico,GathRestrict5,20200323,20200324,"All mass gatherings prohibited, as defined as 5+ people",https://www.governor.state.nm.us/wp-content/uploads/2020/03/SIGNED_UPDATED_DOH_PHO.pdf,1,20200324,,,,,,,,,,,,,,,,
NM,New Mexico,NEBusinessClose,20200323,20200324,Essential businesses to close in-person working,https://www.governor.state.nm.us/wp-content/uploads/2020/03/SIGNED_UPDATED_DOH_PHO.pdf,1,20200324,,,,,,,,,,,,,,,,
NM,New Mexico,StayAtHome,,,"""I FURTHER ADVISE the public to take the following preventive precautions: New Mexico citizens should stay at home and undertake only those outings absolutely necessary for their health, safety, or welfare."" Does not have ""must""/more formal prohibition",https://www.governor.state.nm.us/wp-content/uploads/2020/03/SIGNED_UPDATED_DOH_PHO.pdf,1,20200324,,,,,,,,,,,,,,,,
NY,New York,EmergDec,20200307,20200307,,https://www.governor.ny.gov/sites/governor.ny.gov/files/atoms/files/EO_202.pdf,1,20200324,,,,,,,,,,,,,,,,
NY,New York,GathRestrict500,20200312,20200313,Executive Order 202.1,https://www.governor.ny.gov/news/during-novel-coronavirus-briefing-governor-cuomo-announces-new-mass-gatherings-regulations,1,20200324,,,,,,,,,,,,,,,,
NY,New York,GathRestrictAny,20200312,20200313,Executive Order 202.1,https://www.governor.ny.gov/news/during-novel-coronavirus-briefing-governor-cuomo-announces-new-mass-gatherings-regulations,1,20200324,,,,,,,,,,,,,,,,
NY,New York,GathRestrict50,20200316,,,https://www.governor.ny.gov/sites/governor.ny.gov/files/atoms/files/EO_202.3.pdf,1,20200324,,,,,,,,,,,,,,,,
NY,New York,SchoolClose,20200316,20200318,in effect 20200318 statewide,https://www.governor.ny.gov/sites/governor.ny.gov/files/atoms/files/EO%20202.4.pdf,1,20200324,,,,,,,,,,,,,,,,
NY,New York,OtherBusinessClose,20200316,20200316,"Closure required: bars, gyms, movie theaters, casinos ",https://www.governor.ny.gov/sites/governor.ny.gov/files/atoms/files/EO_202.3.pdf,1,20200324,,,,,,,,,,,,,,,,
NY,New York,RestaurantRestrict,20200316,20200316,Limited operations required (only off-site consumption): restaurants,https://www.governor.ny.gov/sites/governor.ny.gov/files/atoms/files/EO_202.3.pdf,1,20200324,,,,,,,,,,,,,,,,
NY,New York,StateCurfew,20200316,20200316,,https://www.governor.ny.gov/news/audio-rush-transcript-amid-lack-federal-direction-governor-cuomo-governor-murphy-and-governor,1,20200324,,,,,,,,,,,,,,,,
NY,New York,OtherBusinessClose,20200320,20200321,"Closure required: barber shops, nail and hair salons, related personal care",https://www.governor.ny.gov/news/amid-covid-19-pandemic-governor-cuomo-governor-murphy-governor-lamont-and-governor-wolf-direct,1,20200324,,,,,,,,,,,,,,,,
NY,New York,NEBusinessClose,20200320,20200320,Non-essential closures,https://www.governor.ny.gov/news/governor-cuomo-signs-new-york-state-pause-executive-order,1,20200324,,,,,,,,,,,,,,,,
NY,New York,StayAtHome,20200320,20200322,"""Any concentration of individuals outside their home must be limited to workers providing essential services and social distancing should be practiced;""",https://www.governor.ny.gov/news/governor-cuomo-signs-new-york-state-pause-executive-order,1,20200324,,,,,,,,,,,,,,,,
NC,North Carolina,EmergDec,20200310,20200310,,https://governor.nc.gov/news/governor-cooper-declares-state-emergency-respond-coronavirus-covid-19,1,20200324,,,,,,,,,,,,,,,,
NC,North Carolina,GathRecomAny,20200312,20200312,,https://governor.nc.gov/news/north-carolina-recommends-new-steps-protect-against-covid-19,1,20200324,,,,,,,,,,,,,,,,
NC,North Carolina,GathRestrictAny,20200314,20200314,,https://files.nc.gov/governor/documents/files/EO117-COVID-19-Prohibiting-Mass-Gathering-and-K12-School-Closure.pdf,1,20200324,,,,,,,,,,,,,,,,
NC,North Carolina,GathRestrict100,20200314,20200314,,https://files.nc.gov/governor/documents/files/EO117-COVID-19-Prohibiting-Mass-Gathering-and-K12-School-Closure.pdf,1,20200324,,,,,,,,,,,,,,,,
NC,North Carolina,SchoolClose,20200314,20200316,Public school closure,https://files.nc.gov/governor/documents/files/EO117-COVID-19-Prohibiting-Mass-Gathering-and-K12-School-Closure.pdf,1,20200324,,,,,,,,,,,,,,,,
NC,North Carolina,RestaurantRestrict,20200317,20200317,"Limited operations required (drive-thru, carry-out, and delivery only): restaurants, bars",https://files.nc.gov/governor/documents/files/EO118.pdf,1,20200324,,,,,,,,,,,,,,,,
NC,North Carolina,GathRestrict50,20200323,20200325,,https://files.nc.gov/governor/documents/files/EO120.pdf,1,20200324,,,,,,,,,,,,,,,,
NC,North Carolina,OtherBusinessClose,20200323,20200325,"Closure required: bingo parlors, bowling alleys, indoor exercise facilities, health clubs, pools, live performance venues, movie theaters, spas, barber shops, hair salons, nail salons, personal care services",https://files.nc.gov/governor/documents/files/EO120.pdf,1,20200324,,,,,,,,,,,,,,,,
ND,North Dakota,GathRecomAny,20200312,20200312,,https://www.governor.nd.gov/news/burgum-department-health-release-recommendations-events-and-public-gatherings,1,20200324,,,,,,,,,,,,,,,,
ND,North Dakota,EmergDec,20200313,20200313,,https://www.governor.nd.gov/sites/www/files/documents/EO%202020-03.pdf,1,20200324,,,,,,,,,,,,,,,,
ND,North Dakota,SchoolClose,20200315,20200316,"Public school closure, extended closure on 20200322: https://www.governor.nd.gov/sites/www/files/documents/executive-orders/Executive%20Order%202020-10.pdf",https://www.governor.nd.gov/news/burgum-orders-k-12-schools-close-one-week-effort-slow-spread-covid-19,1,20200324,,,,,,,,,,,,,,,,
ND,North Dakota,OtherBusinessClose,20200319,20200320,"Closure required: recreational facilities, health clubs, athletic facilities, and theaters",https://www.governor.nd.gov/sites/www/files/documents/executive-orders/Executive%20Order%202020-06.pdf,1,20200324,,,,,,,,,,,,,,,,
ND,North Dakota,RestaurantRestrict,20200319,20200320,"Limited operation required (take-out, deliveyr, curbside only, drive-through): bars, restaurants",https://www.governor.nd.gov/sites/www/files/documents/executive-orders/Executive%20Order%202020-06.pdf,1,20200324,,,,,,,,,,,,,,,,
OH,Ohio,EmergDec,20200309,20200309,,https://content.govdelivery.com/attachments/OHOOD/2020/03/09/file_attachments/1396418/Executive%202020-01D.pdf,1,20200324,,,,,,,,,,,,,,,,
OH,Ohio,GathRecomAny,20200310,20200310,,https://governor.ohio.gov/wps/portal/gov/governor/media/news-and-media/recommends-limiting-large-indoor-gatherings,1,20200324,,,,,,,,,,,,,,,,
OH,Ohio,GathRestrict100,20200312,20200312,,https://coronavirus.ohio.gov/wps/wcm/connect/gov/b815ab52-a571-4e65-9077-32468779671a/ODH+Order+to+Limit+and+Prohibit+Mass+Gatherings%2C+3.12.20.pdf?MOD=AJPERES&CONVERT_TO=url&CACHEID=ROOTWORKSPACE.Z18_M1HGGIK0N0JO00QO9DDDDM3000-b815ab52-a571-4e65-9077-32468779671a-n3rr.X.,1,20200324,,,,,,,,,,,,,,,,
OH,Ohio,GathRestrictAny,20200312,20200312,,https://coronavirus.ohio.gov/wps/wcm/connect/gov/b815ab52-a571-4e65-9077-32468779671a/ODH+Order+to+Limit+and+Prohibit+Mass+Gatherings%2C+3.12.20.pdf?MOD=AJPERES&CONVERT_TO=url&CACHEID=ROOTWORKSPACE.Z18_M1HGGIK0N0JO00QO9DDDDM3000-b815ab52-a571-4e65-9077-32468779671a-n3rr.X.,1,20200324,,,,,,,,,,,,,,,,
OH,Ohio,SchoolClose,20200312,20200316,"Public, private, and community schools",https://coronavirus.ohio.gov/wps/portal/gov/covid-19/home/news-releases-news-you-can-use/governor-dewine-announces-school-closures,1,20200324,,,,,,,,,,,,,,,,
OH,Ohio,RestaurantRestrict,20200315,20200315,"Limited operations required (take-out and delivery only): restaurants, bars","https://content.govdelivery.com/attachments/OHOOD/2020/03/15/file_attachments/1401428/Health%20Director%20Order%20Limit%20Food,%20Alcohol%20Sales%20to%20Carry%20Out%20Delivery%20Only.pdf",1,20200324,,,,,,,,,,,,,,,,
OH,Ohio,GathRestrict50,20200317,20200317,,https://coronavirus.ohio.gov/wps/wcm/connect/gov/dd504af3-ae2c-4d2e-b2bd-02c1a3beed89/Director%27s+Order-+Amended+Mass+Gathering+3.17.20+%281%29.pdf?MOD=AJPERES&CONVERT_TO=url&CACHEID=ROOTWORKSPACE.Z18_M1HGGIK0N0JO00QO9DDDDM3000-dd504af3-ae2c-4d2e-b2bd-02c1a3beed89-n3FI0mY,1,20200324,,,,,,,,,,,,,,,,
OH,Ohio,OtherBusinessClose,20200317,20200317,"Closure required: gyms, recreation centers, movie theaters, performance theaters",https://coronavirus.ohio.gov/wps/wcm/connect/gov/dd504af3-ae2c-4d2e-b2bd-02c1a3beed89/Director%27s+Order-+Amended+Mass+Gathering+3.17.20+%281%29.pdf?MOD=AJPERES&CONVERT_TO=url&CACHEID=ROOTWORKSPACE.Z18_M1HGGIK0N0JO00QO9DDDDM3000-dd504af3-ae2c-4d2e-b2bd-02c1a3beed89-n3FI0mY,1,20200324,,,,,,,,,,,,,,,,
OH,Ohio,OtherBusinessClose,20200320,20200320,"Closure required: nail salons, other personal care services",https://coronavirus.ohio.gov/wps/wcm/connect/gov/273f5e4f-823b-4ed1-a119-7e7c6851f45a/Director%27s+Order+closing+hair+salons+nail+salons+barber+shops+3-19-2020.pdf?MOD=AJPERES&CONVERT_TO=url&CACHEID=ROOTWORKSPACE.Z18_M1HGGIK0N0JO00QO9DDDDM3000-273f5e4f-823b-4ed1-a119-7e7c6851f45a-n3Uv1Rg,1,20200324,,,,,,,,,,,,,,,,
OH,Ohio,OtherBusinessClose,20200321,20200321,"Closure required: indoor family entertainment businesses, dance studios",https://coronavirus.ohio.gov/wps/wcm/connect/gov/56be4a6a-3305-4697-97da-582d7b45da2f/Directors+Order+--+Internet+Cafes+03.21.20.pdf?MOD=AJPERES&CONVERT_TO=url&CACHEID=ROOTWORKSPACE.Z18_M1HGGIK0N0JO00QO9DDDDM3000-56be4a6a-3305-4697-97da-582d7b45da2f-n42.Sg2,1,20200324,,,,,,,,,,,,,,,,
OH,Ohio,NEBusinessClose,20200322,20200323,"""Non-essential businesses must cease.""",https://content.govdelivery.com/attachments/OHOOD/2020/03/22/file_attachments/1407840/Stay%20Home%20Order.pdf,1,20200324,,,,,,,,,,,,,,,,
OH,Ohio,StayAtHome,20200322,20200323,"""With exceptions as outlined below, all individuals currently living within the State of Ohio are ordered to stay at home or at their place of residence except as allowed in this Order.""",https://coronavirus.ohio.gov/static/DirectorsOrderStayAtHome.pdf,1,20200324,,,,,,,,,,,,,,,,
OK,Oklahoma,EmergDec,20200315,20200315,,http://www.sos.ok.gov/documents/executive/1913.pdf,1,20200324,,,,,,,,,,,,,,,,
OK,Oklahoma,GathRecomAny,20200317,20200317,Recommends to follow CDC guidance. Not coded as formal restriction,https://www.sos.ok.gov/documents/executive/1915.pdf,1,20200324,,,,,,,,,,,,,,,,
OK,Oklahoma,SchoolClose,20200316,20200317,in effect 20200317,https://sde.ok.gov/newsblog/2020-03-17/updated-covid-19-faqs-oklahoma-public-schools,1,20200324,,,,,,,,,,,,,,,,
OR,Oregon,EmergDec,20200308,20200308,State of emergency,https://drive.google.com/file/d/1AcKOePvhmBpuNuaBQq7yZ37E2Sog4tUe/view,1,20200324,,,,,,,,,,,,,,,,
OR,Oregon,GathRestrict250,20200312,20200316,Issued a 250+ person prohibition - referred to in other docs,https://drive.google.com/file/d/1k9gLrQP4adjP6hrd_03BXLtVkkDHSXps/view,1,20200324,,,,,,,,,,,,,,,,
OR,Oregon,GathRestrictAny,20200312,20200316,Issued a 250+ person prohibition - referred to in other docs,https://drive.google.com/file/d/1k9gLrQP4adjP6hrd_03BXLtVkkDHSXps/view,1,20200324,,,,,,,,,,,,,,,,
OR,Oregon,SchoolClose,20200312,20200316,in effect 20200316,https://www.oregon.gov/newsroom/Pages/NewsDetail.aspx?newsid=36164,1,20200324,,,,,,,,,,,,,,,,
OR,Oregon,RestaurantRestrict,20200317,20200317,"Limited operations required (off-premises consumption only): restaurants, bars",https://www.oregon.gov/gov/Documents/executive_orders/eo_20-07.pdf,1,20200324,,,,,,,,,,,,,,,,
OR,Oregon,GathRestrict25,20200317,20200317,Prohibition of of 25+,https://www.oregon.gov/gov/Documents/executive_orders/eo_20-07.pdf,1,20200324,,,,,,,,,,,,,,,,
OR,Oregon,NEBusinessClose,20200323,20200324,Non-essential business closure on 20200323: https://govsite-assets.s3.amazonaws.com/jkAULYKcSh6DoDF8wBM0_EO%2020-12.pdf,https://govsite-assets.s3.amazonaws.com/jkAULYKcSh6DoDF8wBM0_EO%2020-12.pdf,1,20200324,,,,,,,,,,,,,,,,
OR,Oregon,StayAtHome,20200323,20200323,Stay at home order; violation will result in penalty,https://govsite-assets.s3.amazonaws.com/jkAULYKcSh6DoDF8wBM0_EO%2020-12.pdf,1,20200324,,,,,,,,,,,,,,,,
OR,Oregon,OtherBusinessClose,20200323,20200324,Closed with non-essential businesses,https://govsite-assets.s3.amazonaws.com/jkAULYKcSh6DoDF8wBM0_EO%2020-12.pdf,1,20200324,,,,,,,,,,,,,,,,
PA,Pennsylvania,EmergDec,20200306,20200306,Disaster proclamation,https://www.scribd.com/document/450457202/2020-3-6-COVID19-Digital-Proclamation-pdf#from_embed,1,20200324,,,,,,,,,,,,,,,,
PA,Pennsylvania,SchoolClose,20200313,20200316,,https://www.governor.pa.gov/newsroom/governor-wolf-announces-closure-of-pennsylvania-schools/,1,20200324,,,,,,,,,,,,,,,,
PA,Pennsylvania,GathRestrict50,20200316,20200316,,https://www.yonkerstribune.com/2020/03/amid-lack-of-federal-direction-governors-cuomo-murphy-lamont-and-wolf-announce-regional-approach-to-combatting-covid-19,1,20200324,,,,,,,,,,,,,,,,
PA,Pennsylvania,GathRestrictAny,20200316,20200316,,https://www.yonkerstribune.com/2020/03/amid-lack-of-federal-direction-governors-cuomo-murphy-lamont-and-wolf-announce-regional-approach-to-combatting-covid-19,1,20200324,,,,,,,,,,,,,,,,
PA,Pennsylvania,RestaurantRestrict,20200316,20200317,"Limited operations required (carry-out, delivery, drive-though only): restaurants...note that some county restrictions started 20200315",https://www.governor.pa.gov/newsroom/wolf-administration-updates-businesses-on-guidance-for-covid-19-mitigation-efforts/,1,20200324,,,,,,,,,,,,,,,,
PA,Pennsylvania,NEBusinessClose,20200319,20200323,Non-essential business closure on 20200319 but being contested. being enforced on 20200323,https://www.governor.pa.gov/wp-content/uploads/2020/03/20200319-TWW-COVID-19-business-closure-order.pdf,1,20200324,,,,,,,,,,,,,,,,
PA,Pennsylvania,OtherBusinessClose,20200319,20200323,"Other business closures were being recommended/urged as of 20200316, but not enforced - became enforced with closure: https://www.governor.pa.gov/newsroom/wolf-administration-updates-businesses-on-guidance-for-covid-19-mitigation-efforts/",https://www.governor.pa.gov/wp-content/uploads/2020/03/20200319-TWW-COVID-19-business-closure-order.pdf,1,20200324,,,,,,,,,,,,,,,,
PA,Pennsylvania,StayAtHome,20200323,20200323,"Note this is for specific counties, which account for ~42% of the state's population in 2018: ""All individuals residing in Allegheny County, Bucks County, Chester County, Delaware County, Monroe County, Montgomery County, and Philadelphia County are ordered to stay at home except as needed to access, support, or provide life sustaining business, emergency, or government service""",https://www.governor.pa.gov/wp-content/uploads/2020/03/03.23.20-TWW-COVID-19-Stay-at-Home-Order.pdf,0,20200324,,,,,,,,,,,,,,,,
RI,Rhode Island,EmergDec,20200309,20200309,,http://www.governor.ri.gov/documents/orders/Executive-Order-20-02.pdf,1,20200324,,,,,,,,,,,,,,,,
RI,Rhode Island,GathRecomAny,20200311,20200311,,https://www.ri.gov/press/view/37892,1,20200324,,,,,,,,,,,,,,,,
RI,Rhode Island,GathRestrict25,20200316,20200317,,http://www.governor.ri.gov/documents/orders/Executive-Order-20-04.pdf,1,20200324,,,,,,,,,,,,,,,,
RI,Rhode Island,GathRestrictAny,20200316,20200317,,http://www.governor.ri.gov/documents/orders/Executive-Order-20-04.pdf,1,20200324,,,,,,,,,,,,,,,,
RI,Rhode Island,OtherBusinessClose,20200316,20200316,Limited operations: entertainment venues,https://thehill.com/policy/healthcare/487776-new-york-new-jersey-connecticut-set-to-close-restaurants-entertainment,1,20200324,,,,,,,,,,,,,,,,
RI,Rhode Island,RestaurantRestrict,20200316,20200317,"Limited operations required (take-out, delivery only): restaurants, bars",http://www.governor.ri.gov/documents/orders/Executive-Order-20-04.pdf,1,20200324,,,,,,,,,,,,,,,,
RI,Rhode Island,SchoolClose,20200318,20200323,distance learning through April 3,https://www.ri.gov/press/view/37961,1,20200324,,,,,,,,,,,,,,,,
SC,South Carolina,EmergDec,20200313,20200313,,https://governor.sc.gov/sites/default/files/Documents/Executive-Orders/2020-03-13%20FILED%20Executive%20Order%20No.%202020-08%20-%20State%20of%20Emergency%20Due%20to%20Coronavirus%20(COVID-19).pdf,1,20200324,,,,,,,,,,,,,,,,
SC,South Carolina,SchoolClose,20200315,20200316,,https://governor.sc.gov/sites/default/files/Documents/Executive-Orders/2020-03-15%20FILED%20Executive%20Order%20No.%202020-09%20-%20Closing%20Schools%20Cancelling%20Elections%20Other%20Provisions%20Due%20to%20COVID-19.pdf,1,20200324,,,,,,,,,,,,,,,,
SC,South Carolina,GathRecomAny,20200315,20200315,,https://thehill.com/homenews/state-watch/487708-south-carolina-closes-schools-amid-outbreak,1,20200324,,,,,,,,,,,,,,,,
SC,South Carolina,GathRestrict50,20200317,20200318,,https://governor.sc.gov/sites/default/files/Documents/Executive-Orders/2020-03-17%20eFILED%20Executive%20Order%20No.%202020-10%20-%20Directing%20Additional%20Emergency%20Measures%20Due%20to%20COVID-19.pdf,1,20200324,,,,,,,,,,,,,,,,
SC,South Carolina,GathRestrictAny,20200317,20200318,,https://governor.sc.gov/sites/default/files/Documents/Executive-Orders/2020-03-17%20eFILED%20Executive%20Order%20No.%202020-10%20-%20Directing%20Additional%20Emergency%20Measures%20Due%20to%20COVID-19.pdf,1,20200324,,,,,,,,,,,,,,,,
SC,South Carolina,RestaurantRestrict,20200317,20200318,"Limited operations required (off-premise consumption only: restaurants, bars",https://governor.sc.gov/sites/default/files/Documents/Executive-Orders/2020-03-17%20eFILED%20Executive%20Order%20No.%202020-10%20-%20Directing%20Additional%20Emergency%20Measures%20Due%20to%20COVID-19.pdf,1,20200324,,,,,,,,,,,,,,,,
SD,South Dakota,EmergDec,20200313,20200313,,https://www.fmcsa.dot.gov/emergency/south-dakota-general-executive-orders-2020-004,1,20200324,,,,,,,,,,,,,,,,
SD,South Dakota,SchoolClose,20200313,20200317,"remain closed for another week. governor issued on 20200313, closure started 2020317",https://www.youtube.com/watch?v=NIjuy-HlICw,1,20200324,,,,,,,,,,,,,,,,
SD,South Dakota,GathRecomAny,20200323,20200323,,https://sdsos.gov/general-information/executive-actions/executive-orders/assets/2020-08.PDF,1,20200324,,,,,,,,,,,,,,,,
TN,Tennessee,EmergDec,20200312,20200312,,https://publications.tnsosfiles.com/pub/execorders/exec-orders-lee14.pdf,1,20200324,,,,,,,,,,,,,,,,
TN,Tennessee,GathRecomAny,20200312,20200312,,https://www.tn.gov/governor/news/2020/3/12/gov--bill-lee-issues-executive-order-declaring-state-of-emergency-in-response-to-covid-19.html,1,20200324,,,,,,,,,,,,,,,,
TN,Tennessee,SchoolClose,,,"0n 3/13 schools given discretion, reinforced 20200317. Current not counting as a required closure. What is on KFF (as of 3/24/2020): https://www.tn.gov/governor/news/2020/3/16/governor-lee-issues-statement-regarding-statewide-school-closure.html",,0,20200324,,,,,,,,,,,,,,,,
TN,Tennessee,GathRestrictAny,20200322,20200323,,https://publications.tnsosfiles.com/pub/execorders/exec-orders-lee17.pdf,1,20200324,,,,,,,,,,,,,,,,
TN,Tennessee,GathRestrict10,20200322,20200323,,https://publications.tnsosfiles.com/pub/execorders/exec-orders-lee17.pdf,1,20200324,,,,,,,,,,,,,,,,
TN,Tennessee,RestaurantRestrict,20200322,20200323,"Limited operations (take-out, delivery, off-site consumption only): restaurants, bars",https://publications.tnsosfiles.com/pub/execorders/exec-orders-lee17.pdf,1,20200324,,,,,,,,,,,,,,,,
TN,Tennessee,OtherBusinessClose,20200322,20200323,"Closure required: gyms, fitness/exercise centers",https://publications.tnsosfiles.com/pub/execorders/exec-orders-lee17.pdf,1,20200324,,,,,,,,,,,,,,,,
TX,Texas,EmergDec,20200313,20200313,,https://gov.texas.gov/uploads/files/press/DISASTER_covid19_disaster_proclamation_IMAGE_03-13-2020.pdf,1,20200324,,,,,,,,,,,,,,,,
TX,Texas,GathRestrict10,20200319,20200320,,https://gov.texas.gov/uploads/files/press/EO-GA_08_COVID-19_preparedness_and_mitigation_FINAL_03-19-2020_1.pdf,1,20200324,,,,,,,,,,,,,,,,
TX,Texas,GathRestrictAny,20200319,20200320,,https://gov.texas.gov/uploads/files/press/EO-GA_08_COVID-19_preparedness_and_mitigation_FINAL_03-19-2020_1.pdf,1,20200324,,,,,,,,,,,,,,,,
TX,Texas,OtherBusinessClose,20200319,20200320,"Closure required: gyms, massage parlors",https://gov.texas.gov/uploads/files/press/EO-GA_08_COVID-19_preparedness_and_mitigation_FINAL_03-19-2020_1.pdf,1,20200324,,,,,,,,,,,,,,,,
TX,Texas,RestaurantRestrict,20200319,20200320,"Limited operations required (drive-thru, pickup, delivery): restaurants and bars",https://gov.texas.gov/uploads/files/press/EO-GA_08_COVID-19_preparedness_and_mitigation_FINAL_03-19-2020_1.pdf,1,20200324,,,,,,,,,,,,,,,,
TX,Texas,SchoolClose,20200319,20200320,,https://gov.texas.gov/uploads/files/press/EO-GA_08_COVID-19_preparedness_and_mitigation_FINAL_03-19-2020_1.pdf,1,20200324,,,,,,,,,,,,,,,,
UT,Utah,EmergDec,20200306,20200306,,https://coronavirus.utah.gov/governor-issues-executive-order-declaring-a-state-of-emergency-in-preparation-for-cases-of-novel-coronavirus-in-utah/,1,20200324,,,,,,,,,,,,,,,,
UT,Utah,GathRestrict100,20200312,20200316,,https://www.cnn.com/world/live-news/coronavirus-outbreak-03-12-20-intl-hnk/h_90b248912ad086820b145af03ba49416?utm_source=twCNN&utm_term=image&utm_medium=social&utm_content=2020-03-12T23%3A44%3A28,1,20200324,,,,,,,,,,,,,,,,
UT,Utah,SchoolClose,20200313,20200316,"Dismissal of all schools as soft closure to start 20200316, issued on 20200313",https://governor.utah.gov/2020/03/13/gov-herbert-announces-two-week-dismissal-of-utahs-public-schools/,1,20200324,,,,,,,,,,,,,,,,
UT,Utah,GathRestrict10,20200317,20200318,,https://governor.utah.gov/2020/03/18/state-orders-restaurants-bars-to-suspend-dine-in-services-to-slow-spread-of-covid-19/,1,20200324,,,,,,,,,,,,,,,,
UT,Utah,GathRestrictAny,20200312,20200316,,https://www.cnn.com/world/live-news/coronavirus-outbreak-03-12-20-intl-hnk/h_90b248912ad086820b145af03ba49416?utm_source=twCNN&utm_term=image&utm_medium=social&utm_content=2020-03-12T23%3A44%3A28,1,20200324,,,,,,,,,,,,,,,,
UT,Utah,RestaurantRestrict,20200317,20200318,"Limited operations required (suspend dine-in operations): restaurants, bars",https://governor.utah.gov/2020/03/18/state-orders-restaurants-bars-to-suspend-dine-in-services-to-slow-spread-of-covid-19/,1,20200324,,,,,,,,,,,,,,,,
VT,Vermont,EmergDec,20200313,20200313,,https://governor.vermont.gov/sites/scott/files/documents/EO%2001-20%20Declaration%20of%20State%20of%20Emergency%20in%20Response%20to%20COVID-19%20and%20National%20Guard%20Call-Out.pdf,1,20200324,,,,,,,,,,,,,,,,
VT,Vermont,GathRestrictAny,20200313,20200313,,https://governor.vermont.gov/sites/scott/files/documents/EO%2001-20%20Declaration%20of%20State%20of%20Emergency%20in%20Response%20to%20COVID-19%20and%20National%20Guard%20Call-Out.pdf,1,20200324,,,,,,,,,,,,,,,,
VT,Vermont,GathRestrict250,20200313,20200313,,https://governor.vermont.gov/sites/scott/files/documents/EO%2001-20%20Declaration%20of%20State%20of%20Emergency%20in%20Response%20to%20COVID-19%20and%20National%20Guard%20Call-Out.pdf,1,20200324,,,,,,,,,,,,,,,,
VT,Vermont,SchoolClose,20200315,20200318,"Will close in 3 days time (i.e., 20200318)",https://governor.vermont.gov/sites/scott/files/documents/Directive%202%20-%20Childcare%20For%20Essential%20Service%20Providers.pdf,1,20200324,,,,,,,,,,,,,,,,
VT,Vermont,GathRestrict50,20200316,20200317,50 or 50% of permitted occupancy (whichever is less),https://governor.vermont.gov/sites/scott/files/documents/ADDENDUM%202%20TO%20EXECUTIVE%20ORDER%2001-20_0.pdf,1,20200324,,,,,,,,,,,,,,,,
VT,Vermont,RestaurantRestrict,20200316,20200317,"Limited operations required (takeout and delivery only): restaurants, bars",https://governor.vermont.gov/sites/scott/files/documents/ADDENDUM%202%20TO%20EXECUTIVE%20ORDER%2001-20_0.pdf,1,20200324,,,,,,,,,,,,,,,,
VT,Vermont,GathRestrict10,20200320,20200320,,https://governor.vermont.gov/sites/scott/files/documents/ADDENDUM%204%20TO%20EXECUTIVE%20ORDER%2001-20.pdf,1,20200324,,,,,,,,,,,,,,,,
VT,Vermont,OtherBusinessClose,20200320,20200323,"Closure required: gymnasiums, fitness centers, salons",https://governor.vermont.gov/sites/scott/files/documents/ADDENDUM%204%20TO%20EXECUTIVE%20ORDER%2001-20.pdf,1,20200324,,,,,,,,,,,,,,,,
VA,Virginia,EmergDec,20200312,20200312,,https://www.governor.virginia.gov/media/governorvirginiagov/governor-of-virginia/pdf/eo/EO-51-Declaration-of-a-State-of-Emergency-Due-to-Novel-Coronavirus-(COVID-19).pdf,1,20200324,,,,,,,,,,,,,,,,
VA,Virginia,SchoolClose,20200313,20200316,,https://www.governor.virginia.gov/newsroom/all-releases/2020/march/headline-854442-en.html,1,20200324,,,,,,,,,,,,,,,,
VA,Virginia,GathRestrict100,20200315,20200315,,https://www.nbc12.com/2020/03/15/northam-bans-gatherings-people-says-its-not-yet-time-quarantine/,1,20200324,,,,,,,,,,,,,,,,
VA,Virginia,GathRestrictAny,20200315,20200315,,https://www.nbc12.com/2020/03/15/northam-bans-gatherings-people-says-its-not-yet-time-quarantine/,1,20200324,,,,,,,,,,,,,,,,
VA,Virginia,OtherBusinessClose,20200323,20200324,Closure required: public access to recreational and entertainment businesses,https://www.governor.virginia.gov/media/governorvirginiagov/executive-actions/EO-53-Temporary-Restrictions-Due-To-Novel-Coronavirus-(COVID-19).pdf,1,20200324,,,,,,,,,,,,,,,,
VA,Virginia,RestaurantRestrict,20200317,20200317,"Mandated to reduce capacity to 10 patrons or close, or have carry-out or take-away",https://www.governor.virginia.gov/media/governorvirginiagov/executive-actions/Amended-Order-of-the-Governor-and-State-Health-Commissioner-Declaration-of-Public-Health-Emergency.pdf,1,20200325,,,,,,,,,,,,,,,,
VA,Virginia,RestaurantRestrict,20200323,20200324,"Limited operations required (delivery and take-out only): restaurants, bars. Now no restricted service allowed at all",https://www.governor.virginia.gov/media/governorvirginiagov/executive-actions/EO-53-Temporary-Restrictions-Due-To-Novel-Coronavirus-(COVID-19).pdf,1,20200324,,,,,,,,,,,,,,,,
VA,Virginia,GathRestrict10,20200323,20200324,,https://www.governor.virginia.gov/media/governorvirginiagov/executive-actions/EO-53-Temporary-Restrictions-Due-To-Novel-Coronavirus-(COVID-19).pdf,1,20200324,,,,,,,,,,,,,,,,
WA,Washington,EmergDec,20200229,20200229,,https://www.governor.wa.gov/sites/default/files/20-05%20Coronavirus%20%28final%29.pdf?utm_medium=email&utm_source=govdelivery,1,20200324,,,,,,,,,,,,,,,,
WA,Washington,GathRestrict250,20200311,20200311,,https://www.governor.wa.gov/sites/default/files/20-07%20Coronavirus%20%28tmp%29.pdf,1,20200324,,,,,,,,,,,,,,,,
WA,Washington,GathRestrictAny,20200311,20200311,,https://www.governor.wa.gov/sites/default/files/20-07%20Coronavirus%20%28tmp%29.pdf,1,20200324,,,,,,,,,,,,,,,,
WA,Washington,SchoolClose,20200313,20200317,closings in three counties on 20200312,https://www.governor.wa.gov/news-media/inslee-announces-statewide-school-closures-expansion-limits-large-gatherings,1,20200324,,,,,,,,,,,,,,,,
WA,Washington,RestaurantRestrict,20200316,20200316,"Limited operations required (onsite consumption banned): restaurants, bars",https://www.governor.wa.gov/sites/default/files/proclamations/20-13%20Coronavirus%20Restaurants-Bars%20%28tmp%29.pdf,1,20200324,,,,,,,,,,,,,,,,
WA,Washington,GathRestrict50,20200316,20200316,to go into effect at midnight on the date of issuance,https://www.governor.wa.gov/news-media/inslee-statement-statewide-shutdown-restaurants-bars-and-limits-size-gatherings-expanded,1,20200324,,,,,,,,,,,,,,,,
WA,Washington,OtherBusinessClose,20200316,20200316,"Closure required: entertainment and recreational facilities - ""public venues where people congregate for entertainment""",https://www.governor.wa.gov/sites/default/files/proclamations/20-13%20Coronavirus%20Restaurants-Bars%20%28tmp%29.pdf,1,20200324,,,,,,,,,,,,,,,,
WA,Washington,NEBusinessClose,20200323,20200325,Non-essential businesses closed by midnight on 20200325,https://www.governor.wa.gov/sites/default/files/proclamations/20-25%20Coronovirus%20Stay%20Safe-Stay%20Healthy%20%28tmp%29%20%28002%29.pdf,1,20200324,,,,,,,,,,,,,,,,
WA,Washington,StayAtHome,20200323,20200323,"State-wide immediate stay-at-home, effective immediately: https://mynorthwest.com/1782819/inslee-washington-stay-at-home-order/?",https://www.governor.wa.gov/sites/default/files/proclamations/20-25%20Coronovirus%20Stay%20Safe-Stay%20Healthy%20%28tmp%29%20%28002%29.pdf,1,20200324,,,,,,,,,,,,,,,,
WV,West Virginia,GathRecomAny,20200312,20200312,,"https://governor.wv.gov/News/press-releases/2020/Pages/COVID-UPDATE-Gov.-Justice-announces-State-employee-travel-ban,-basketball-tournament-cancellation-among-latest-precautions.aspx",1,20200324,,,,,,,,,,,,,,,,
WV,West Virginia,SchoolClose,20200313,20200313,,https://governor.wv.gov/News/press-releases/2020/Pages/COVID19-UPDATE-Gov.-Justice-announces-closure-of-West-Virginia-schools.aspx,1,20200324,,,,,,,,,,,,,,,,
WV,West Virginia,EmergDec,20200316,20200316,,https://governor.wv.gov/Documents/2020%20Proclamations/State-of-Emergency-March-16-2020.pdf,1,20200324,,,,,,,,,,,,,,,,
WV,West Virginia,OtherBusinessClose,20200317,20200317,Closure required: casinos,"https://governor.wv.gov/News/press-releases/2020/Pages/COVID-19-UPDATE-Executive-Order-limiting-restaurants-and-bars,-closing-casinos-statewide.aspx",1,20200324,,,,,,,,,,,,,,,,
WV,West Virginia,RestaurantRestrict,20200317,20200317,"Limited operations required: restaurants, bars",https://governor.wv.gov/News/press-releases/2020/Pages/COVID-19-UPDATE-Gov.-Justice-holds-statewide-address-to-discuss-coronavirus-precautions.aspx,1,20200324,,,,,,,,,,,,,,,,
WV,West Virginia,OtherBusinessClose,20200318,20200318,"Closure required: fitness centers, gymnasiums, recreation centers, and similar recreation locations (20200318). barbershops, hair salons, and nail salon (20200319)",https://governor.wv.gov/News/press-releases/2020/Pages/COVID-19-UPDATE-Gov.-Justice-state-officials-announce-closure-of-gyms-and-recreation-facilities.aspx,1,20200324,,,,,,,,,,,,,,,,
WV,West Virginia,OtherBusinessClose,20200319,20200319,"Closure required: barbershops, hair salons, and nail salon (20200319)","https://governor.wv.gov/News/press-releases/2020/Pages/COVID-19-UPDATE-Gov.-Justice-orders-closure-of-barbershops,-hair-salons,-and-nail-salons.aspx",1,20200324,,,,,,,,,,,,,,,,
WV,West Virginia,StayAtHome,20200323,20200324,,https://www.wvinsurance.gov/Portals/0/pdf/pressrelease/WVStayHomeOrder.pdf?ver=2020-03-23-152606-773,1,20200324,,,,,,,,,,,,,,,,
WV,West Virginia,NEBusinessClose,20200323,20200324,,https://www.wvinsurance.gov/Portals/0/pdf/pressrelease/WVStayHomeOrder.pdf?ver=2020-03-23-152606-773,1,20200324,,,,,,,,,,,,,,,,
WI,Wisconsin,EmergDec,20200312,20200312,,https://evers.wi.gov/Documents/EO/EO072-DeclaringHealthEmergencyCOVID-19.pdf,1,20200324,,,,,,,,,,,,,,,,
WI,Wisconsin,SchoolClose,20200314,20200318,in effect 20200318,https://content.govdelivery.com/accounts/WIGOV/bulletins/281127d,1,20200324,,,,,,,,,,,,,,,,
WI,Wisconsin,GathRestrict50,20200316,20200317,,https://content.govdelivery.com/accounts/WIGOV/bulletins/2817964,1,20200324,,,,,,,,,,,,,,,,
WI,Wisconsin,GathRestrictAny,20200316,20200317,,https://content.govdelivery.com/accounts/WIGOV/bulletins/2817964,1,20200324,,,,,,,,,,,,,,,,
WI,Wisconsin,RestaurantRestrict,20200316,20200317,"Limited operations required: restaurants, bars (in effect 20200317)",https://content.govdelivery.com/accounts/WIGOV/bulletins/2817964,1,20200324,,,,,,,,,,,,,,,,
WI,Wisconsin,GathRestrict10,20200317,20200317,,https://content.govdelivery.com/accounts/WIGOV/bulletins/281a7bc,1,20200324,,,,,,,,,,,,,,,,
WI,Wisconsin,OtherBusinessClose,20200317,20200317,"Limited operations/closure: theaters, movie theaters, museums, fitness centers, places of worship",https://evers.wi.gov/Documents/COVID19/UPDATEDOrder10People.pdf,1,20200324,,,,,,,,,,,,,,,,
WI,Wisconsin,NEBusinessClose,20200324,20200325,,https://content.govdelivery.com/attachments/WIGOV/2020/03/24/file_attachments/1409408/Health%20Order%20%2312%20Safer%20At%20Home.pdf,1,20200324,,,,,,,,,,,,,,,,
WI,Wisconsin,StayAtHome,20200324,20200325,,https://content.govdelivery.com/attachments/WIGOV/2020/03/24/file_attachments/1409408/Health%20Order%20%2312%20Safer%20At%20Home.pdf,1,20200324,,,,,,,,,,,,,,,,
WY,Wyoming,EmergDec,20200313,20200313,,https://drive.google.com/file/d/19mX3feCje2NKRrKi_GPiKvwcckGVoVBh/view,1,20200324,,,,,,,,,,,,,,,,
WY,Wyoming,OtherBusinessClose,20200319,20200319,"Closure required: gymnasiums, movie and performance theaters,",https://drive.google.com/file/d/1IXTw20VFlybIgBVBRaYvRVWnBAdpsvyk/view,1,20200324,,,,,,,,,,,,,,,,
WY,Wyoming,RestaurantRestrict,20200319,20200319,"Limited operations required (no-onsite consumption; recommendation is to use delivery services, window service, etc): restaurants, bars (can have up to 5 people in accommodation)",https://drive.google.com/file/d/1IXTw20VFlybIgBVBRaYvRVWnBAdpsvyk/view,1,20200324,,,,,,,,,,,,,,,,
WY,Wyoming,SchoolClose,20200319,20200319,recommended 20200315 but up to local discretion,https://drive.google.com/file/d/1IXTw20VFlybIgBVBRaYvRVWnBAdpsvyk/view,1,20200324,,,,,,,,,,,,,,,,
WY,Wyoming,GathRestrict10,20200320,20200320,,https://drive.google.com/file/d/1bfNoI7TJwRmRpgedNWI0b11MEtZDzIDL/view,1,20200324,,,,,,,,,,,,,,,,
WY,Wyoming,GathRestrictAny,20200320,20200320,,https://drive.google.com/file/d/1bfNoI7TJwRmRpgedNWI0b11MEtZDzIDL/view,1,20200324,,,,,,,,,,,,,,,,
,,,,,,,,,,,,,,,,,,,,,,,,
,,,,,,,,,,,,,,,,,,,,,,,,
,,,,,,,,,,,,,,,,,,,,,,,,
,,,,,,,,,,,,,,,,,,,,,,,,
,,,,,,,,,,,,,,,,,,,,,,,,
,,,,,,,,,,,,,,,,,,,,,,,,
,,,,,,,,,,,,,,,,,,,,,,,,
,,,,,,,,,,,,,,,,,,,,,,,,
,,,,,,,,,,,,,,,,,,,,,,,,
,,,,,,,,,,,,,,,,,,,,,,,,
,,,,,,,,,,,,,,,,,,,,,,,,
,,,,,,,,,,,,,,,,,,,,,,,,
,,,,,,,,,,,,,,,,,,,,,,,,
,,,,,,,,,,,,,,,,,,,,,,,,
,,,,,,,,,,,,,,,,,,,,,,,,
,,,,,,,,,,,,,,,,,,,,,,,,
,,,,,,,,,,,,,,,,,,,,,,,,
,,,,,,,,,,,,,,,,,,,,,,,,
,,,,,,,,,,,,,,,,,,,,,,,,
,,,,,,,,,,,,,,,,,,,,,,,,
,,,,,,,,,,,,,,,,,,,,,,,,
,,,,,,,,,,,,,,,,,,,,,,,,
,,,,,,,,,,,,,,,,,,,,,,,,
,,,,,,,,,,,,,,,,,,,,,,,,
,,,,,,,,,,,,,,,,,,,,,,,,
,,,,,,,,,,,,,,,,,,,,,,,,
,,,,,,,,,,,,,,,,,,,,,,,,
,,,,,,,,,,,,,,,,,,,,,,,,
,,,,,,,,,,,,,,,,,,,,,,,,
,,,,,,,,,,,,,,,,,,,,,,,,
,,,,,,,,,,,,,,,,,,,,,,,,
,,,,,,,,,,,,,,,,,,,,,,,,
,,,,,,,,,,,,,,,,,,,,,,,,
,,,,,,,,,,,,,,,,,,,,,,,,
,,,,,,,,,,,,,,,,,,,,,,,,
,,,,,,,,,,,,,,,,,,,,,,,,
,,,,,,,,,,,,,,,,,,,,,,,,
,,,,,,,,,,,,,,,,,,,,,,,,
,,,,,,,,,,,,,,,,,,,,,,,,
,,,,,,,,,,,,,,,,,,,,,,,,
,,,,,,,,,,,,,,,,,,,,,,,,
,,,,,,,,,,,,,,,,,,,,,,,,
,,,,,,,,,,,,,,,,,,,,,,,,
,,,,,,,,,,,,,,,,,,,,,,,,
,,,,,,,,,,,,,,,,,,,,,,,,
,,,,,,,,,,,,,,,,,,,,,,,,
,,,,,,,,,,,,,,,,,,,,,,,,
,,,,,,,,,,,,,,,,,,,,,,,,
,,,,,,,,,,,,,,,,,,,,,,,,
,,,,,,,,,,,,,,,,,,,,,,,,
,,,,,,,,,,,,,,,,,,,,,,,,
,,,,,,,,,,,,,,,,,,,,,,,,
,,,,,,,,,,,,,,,,,,,,,,,,
,,,,,,,,,,,,,,,,,,,,,,,,
,,,,,,,,,,,,,,,,,,,,,,,,
,,,,,,,,,,,,,,,,,,,,,,,,
,,,,,,,,,,,,,,,,,,,,,,,,
,,,,,,,,,,,,,,,,,,,,,,,,
,,,,,,,,,,,,,,,,,,,,,,,,
,,,,,,,,,,,,,,,,,,,,,,,,
,,,,,,,,,,,,,,,,,,,,,,,,
,,,,,,,,,,,,,,,,,,,,,,,,
,,,,,,,,,,,,,,,,,,,,,,,,
,,,,,,,,,,,,,,,,,,,,,,,,
,,,,,,,,,,,,,,,,,,,,,,,,
,,,,,,,,,,,,,,,,,,,,,,,,
,,,,,,,,,,,,,,,,,,,,,,,,
,,,,,,,,,,,,,,,,,,,,,,,,
,,,,,,,,,,,,,,,,,,,,,,,,
,,,,,,,,,,,,,,,,,,,,,,,,
,,,,,,,,,,,,,,,,,,,,,,,,
,,,,,,,,,,,,,,,,,,,,,,,,
,,,,,,,,,,,,,,,,,,,,,,,,
,,,,,,,,,,,,,,,,,,,,,,,,
,,,,,,,,,,,,,,,,,,,,,,,,
,,,,,,,,,,,,,,,,,,,,,,,,
,,,,,,,,,,,,,,,,,,,,,,,,
,,,,,,,,,,,,,,,,,,,,,,,,
,,,,,,,,,,,,,,,,,,,,,,,,
,,,,,,,,,,,,,,,,,,,,,,,,
,,,,,,,,,,,,,,,,,,,,,,,,
,,,,,,,,,,,,,,,,,,,,,,,,
,,,,,,,,,,,,,,,,,,,,,,,,
,,,,,,,,,,,,,,,,,,,,,,,,
,,,,,,,,,,,,,,,,,,,,,,,,
,,,,,,,,,,,,,,,,,,,,,,,,
,,,,,,,,,,,,,,,,,,,,,,,,
,,,,,,,,,,,,,,,,,,,,,,,,
,,,,,,,,,,,,,,,,,,,,,,,,
,,,,,,,,,,,,,,,,,,,,,,,,
,,,,,,,,,,,,,,,,,,,,,,,,
,,,,,,,,,,,,,,,,,,,,,,,,
,,,,,,,,,,,,,,,,,,,,,,,,
,,,,,,,,,,,,,,,,,,,,,,,,
,,,,,,,,,,,,,,,,,,,,,,,,
,,,,,,,,,,,,,,,,,,,,,,,,
,,,,,,,,,,,,,,,,,,,,,,,,
,,,,,,,,,,,,,,,,,,,,,,,,
,,,,,,,,,,,,,,,,,,,,,,,,
,,,,,,,,,,,,,,,,,,,,,,,,
,,,,,,,,,,,,,,,,,,,,,,,,
,,,,,,,,,,,,,,,,,,,,,,,,
,,,,,,,,,,,,,,,,,,,,,,,,
,,,,,,,,,,,,,,,,,,,,,,,,
,,,,,,,,,,,,,,,,,,,,,,,,
,,,,,,,,,,,,,,,,,,,,,,,,
,,,,,,,,,,,,,,,,,,,,,,,,
,,,,,,,,,,,,,,,,,,,,,,,,
,,,,,,,,,,,,,,,,,,,,,,,,
,,,,,,,,,,,,,,,,,,,,,,,,
,,,,,,,,,,,,,,,,,,,,,,,,
,,,,,,,,,,,,,,,,,,,,,,,,
,,,,,,,,,,,,,,,,,,,,,,,,
,,,,,,,,,,,,,,,,,,,,,,,,
,,,,,,,,,,,,,,,,,,,,,,,,
,,,,,,,,,,,,,,,,,,,,,,,,
,,,,,,,,,,,,,,,,,,,,,,,,
,,,,,,,,,,,,,,,,,,,,,,,,
,,,,,,,,,,,,,,,,,,,,,,,,
,,,,,,,,,,,,,,,,,,,,,,,,
,,,,,,,,,,,,,,,,,,,,,,,,
,,,,,,,,,,,,,,,,,,,,,,,,
,,,,,,,,,,,,,,,,,,,,,,,,
,,,,,,,,,,,,,,,,,,,,,,,,
,,,,,,,,,,,,,,,,,,,,,,,,
,,,,,,,,,,,,,,,,,,,,,,,,
,,,,,,,,,,,,,,,,,,,,,,,,
,,,,,,,,,,,,,,,,,,,,,,,,
,,,,,,,,,,,,,,,,,,,,,,,,
,,,,,,,,,,,,,,,,,,,,,,,,
,,,,,,,,,,,,,,,,,,,,,,,,
,,,,,,,,,,,,,,,,,,,,,,,,
,,,,,,,,,,,,,,,,,,,,,,,,
,,,,,,,,,,,,,,,,,,,,,,,,
,,,,,,,,,,,,,,,,,,,,,,,,
,,,,,,,,,,,,,,,,,,,,,,,,
,,,,,,,,,,,,,,,,,,,,,,,,
,,,,,,,,,,,,,,,,,,,,,,,,
,,,,,,,,,,,,,,,,,,,,,,,,
,,,,,,,,,,,,,,,,,,,,,,,,
,,,,,,,,,,,,,,,,,,,,,,,,
,,,,,,,,,,,,,,,,,,,,,,,,
,,,,,,,,,,,,,,,,,,,,,,,,
,,,,,,,,,,,,,,,,,,,,,,,,
,,,,,,,,,,,,,,,,,,,,,,,,
,,,,,,,,,,,,,,,,,,,,,,,,
,,,,,,,,,,,,,,,,,,,,,,,,
,,,,,,,,,,,,,,,,,,,,,,,,
,,,,,,,,,,,,,,,,,,,,,,,,
,,,,,,,,,,,,,,,,,,,,,,,,
,,,,,,,,,,,,,,,,,,,,,,,,
,,,,,,,,,,,,,,,,,,,,,,,,
,,,,,,,,,,,,,,,,,,,,,,,,
,,,,,,,,,,,,,,,,,,,,,,,,
,,,,,,,,,,,,,,,,,,,,,,,,
,,,,,,,,,,,,,,,,,,,,,,,,
,,,,,,,,,,,,,,,,,,,,,,,,
,,,,,,,,,,,,,,,,,,,,,,,,
,,,,,,,,,,,,,,,,,,,,,,,,
,,,,,,,,,,,,,,,,,,,,,,,,
,,,,,,,,,,,,,,,,,,,,,,,,
,,,,,,,,,,,,,,,,,,,,,,,,
,,,,,,,,,,,,,,,,,,,,,,,,
,,,,,,,,,,,,,,,,,,,,,,,,
,,,,,,,,,,,,,,,,,,,,,,,,
,,,,,,,,,,,,,,,,,,,,,,,,
,,,,,,,,,,,,,,,,,,,,,,,,
,,,,,,,,,,,,,,,,,,,,,,,,
,,,,,,,,,,,,,,,,,,,,,,,,
,,,,,,,,,,,,,,,,,,,,,,,,
,,,,,,,,,,,,,,,,,,,,,,,,
,,,,,,,,,,,,,,,,,,,,,,,,
,,,,,,,,,,,,,,,,,,,,,,,,
,,,,,,,,,,,,,,,,,,,,,,,,
,,,,,,,,,,,,,,,,,,,,,,,,
,,,,,,,,,,,,,,,,,,,,,,,,
,,,,,,,,,,,,,,,,,,,,,,,,
,,,,,,,,,,,,,,,,,,,,,,,,
,,,,,,,,,,,,,,,,,,,,,,,,
,,,,,,,,,,,,,,,,,,,,,,,,
,,,,,,,,,,,,,,,,,,,,,,,,
,,,,,,,,,,,,,,,,,,,,,,,,
,,,,,,,,,,,,,,,,,,,,,,,,
,,,,,,,,,,,,,,,,,,,,,,,,
,,,,,,,,,,,,,,,,,,,,,,,,
,,,,,,,,,,,,,,,,,,,,,,,,
,,,,,,,,,,,,,,,,,,,,,,,,
,,,,,,,,,,,,,,,,,,,,,,,,
,,,,,,,,,,,,,,,,,,,,,,,,
,,,,,,,,,,,,,,,,,,,,,,,,
,,,,,,,,,,,,,,,,,,,,,,,,
,,,,,,,,,,,,,,,,,,,,,,,,
,,,,,,,,,,,,,,,,,,,,,,,,
,,,,,,,,,,,,,,,,,,,,,,,,
,,,,,,,,,,,,,,,,,,,,,,,,
,,,,,,,,,,,,,,,,,,,,,,,,
,,,,,,,,,,,,,,,,,,,,,,,,
,,,,,,,,,,,,,,,,,,,,,,,,
,,,,,,,,,,,,,,,,,,,,,,,,
,,,,,,,,,,,,,,,,,,,,,,,,
,,,,,,,,,,,,,,,,,,,,,,,,
,,,,,,,,,,,,,,,,,,,,,,,,
,,,,,,,,,,,,,,,,,,,,,,,,
,,,,,,,,,,,,,,,,,,,,,,,,
,,,,,,,,,,,,,,,,,,,,,,,,
,,,,,,,,,,,,,,,,,,,,,,,,
,,,,,,,,,,,,,,,,,,,,,,,,
,,,,,,,,,,,,,,,,,,,,,,,,
,,,,,,,,,,,,,,,,,,,,,,,,
,,,,,,,,,,,,,,,,,,,,,,,,
,,,,,,,,,,,,,,,,,,,,,,,,
,,,,,,,,,,,,,,,,,,,,,,,,
,,,,,,,,,,,,,,,,,,,,,,,,
,,,,,,,,,,,,,,,,,,,,,,,,
,,,,,,,,,,,,,,,,,,,,,,,,
,,,,,,,,,,,,,,,,,,,,,,,,
,,,,,,,,,,,,,,,,,,,,,,,,
,,,,,,,,,,,,,,,,,,,,,,,,
,,,,,,,,,,,,,,,,,,,,,,,,
,,,,,,,,,,,,,,,,,,,,,,,,
,,,,,,,,,,,,,,,,,,,,,,,,
,,,,,,,,,,,,,,,,,,,,,,,,
,,,,,,,,,,,,,,,,,,,,,,,,
,,,,,,,,,,,,,,,,,,,,,,,,
,,,,,,,,,,,,,,,,,,,,,,,,
,,,,,,,,,,,,,,,,,,,,,,,,
,,,,,,,,,,,,,,,,,,,,,,,,
,,,,,,,,,,,,,,,,,,,,,,,,
,,,,,,,,,,,,,,,,,,,,,,,,
,,,,,,,,,,,,,,,,,,,,,,,,
,,,,,,,,,,,,,,,,,,,,,,,,
,,,,,,,,,,,,,,,,,,,,,,,,
,,,,,,,,,,,,,,,,,,,,,,,,
,,,,,,,,,,,,,,,,,,,,,,,,
,,,,,,,,,,,,,,,,,,,,,,,,
,,,,,,,,,,,,,,,,,,,,,,,,
,,,,,,,,,,,,,,,,,,,,,,,,
,,,,,,,,,,,,,,,,,,,,,,,,
,,,,,,,,,,,,,,,,,,,,,,,,
,,,,,,,,,,,,,,,,,,,,,,,,
,,,,,,,,,,,,,,,,,,,,,,,,
,,,,,,,,,,,,,,,,,,,,,,,,
,,,,,,,,,,,,,,,,,,,,,,,,
,,,,,,,,,,,,,,,,,,,,,,,,
,,,,,,,,,,,,,,,,,,,,,,,,
,,,,,,,,,,,,,,,,,,,,,,,,
,,,,,,,,,,,,,,,,,,,,,,,,
,,,,,,,,,,,,,,,,,,,,,,,,
,,,,,,,,,,,,,,,,,,,,,,,,
,,,,,,,,,,,,,,,,,,,,,,,,
,,,,,,,,,,,,,,,,,,,,,,,,
,,,,,,,,,,,,,,,,,,,,,,,,
,,,,,,,,,,,,,,,,,,,,,,,,
,,,,,,,,,,,,,,,,,,,,,,,,
,,,,,,,,,,,,,,,,,,,,,,,,
,,,,,,,,,,,,,,,,,,,,,,,,
,,,,,,,,,,,,,,,,,,,,,,,,
,,,,,,,,,,,,,,,,,,,,,,,,
,,,,,,,,,,,,,,,,,,,,,,,,
,,,,,,,,,,,,,,,,,,,,,,,,
,,,,,,,,,,,,,,,,,,,,,,,,
,,,,,,,,,,,,,,,,,,,,,,,,
,,,,,,,,,,,,,,,,,,,,,,,,
,,,,,,,,,,,,,,,,,,,,,,,,
,,,,,,,,,,,,,,,,,,,,,,,,
,,,,,,,,,,,,,,,,,,,,,,,,
,,,,,,,,,,,,,,,,,,,,,,,,
,,,,,,,,,,,,,,,,,,,,,,,,
,,,,,,,,,,,,,,,,,,,,,,,,
,,,,,,,,,,,,,,,,,,,,,,,,
,,,,,,,,,,,,,,,,,,,,,,,,
,,,,,,,,,,,,,,,,,,,,,,,,
,,,,,,,,,,,,,,,,,,,,,,,,
,,,,,,,,,,,,,,,,,,,,,,,,
,,,,,,,,,,,,,,,,,,,,,,,,
,,,,,,,,,,,,,,,,,,,,,,,,
,,,,,,,,,,,,,,,,,,,,,,,,
,,,,,,,,,,,,,,,,,,,,,,,,
,,,,,,,,,,,,,,,,,,,,,,,,
,,,,,,,,,,,,,,,,,,,,,,,,
,,,,,,,,,,,,,,,,,,,,,,,,
,,,,,,,,,,,,,,,,,,,,,,,,
,,,,,,,,,,,,,,,,,,,,,,,,
,,,,,,,,,,,,,,,,,,,,,,,,
,,,,,,,,,,,,,,,,,,,,,,,,
,,,,,,,,,,,,,,,,,,,,,,,,
,,,,,,,,,,,,,,,,,,,,,,,,
,,,,,,,,,,,,,,,,,,,,,,,,
,,,,,,,,,,,,,,,,,,,,,,,,
,,,,,,,,,,,,,,,,,,,,,,,,
,,,,,,,,,,,,,,,,,,,,,,,,
,,,,,,,,,,,,,,,,,,,,,,,,
,,,,,,,,,,,,,,,,,,,,,,,,
,,,,,,,,,,,,,,,,,,,,,,,,
,,,,,,,,,,,,,,,,,,,,,,,,
,,,,,,,,,,,,,,,,,,,,,,,,
,,,,,,,,,,,,,,,,,,,,,,,,
,,,,,,,,,,,,,,,,,,,,,,,,
,,,,,,,,,,,,,,,,,,,,,,,,
,,,,,,,,,,,,,,,,,,,,,,,,
,,,,,,,,,,,,,,,,,,,,,,,,
,,,,,,,,,,,,,,,,,,,,,,,,
,,,,,,,,,,,,,,,,,,,,,,,,
,,,,,,,,,,,,,,,,,,,,,,,,
,,,,,,,,,,,,,,,,,,,,,,,,
,,,,,,,,,,,,,,,,,,,,,,,,
,,,,,,,,,,,,,,,,,,,,,,,,
,,,,,,,,,,,,,,,,,,,,,,,,
,,,,,,,,,,,,,,,,,,,,,,,,
,,,,,,,,,,,,,,,,,,,,,,,,
,,,,,,,,,,,,,,,,,,,,,,,,
,,,,,,,,,,,,,,,,,,,,,,,,
,,,,,,,,,,,,,,,,,,,,,,,,
,,,,,,,,,,,,,,,,,,,,,,,,
,,,,,,,,,,,,,,,,,,,,,,,,
,,,,,,,,,,,,,,,,,,,,,,,,
,,,,,,,,,,,,,,,,,,,,,,,,
,,,,,,,,,,,,,,,,,,,,,,,,
,,,,,,,,,,,,,,,,,,,,,,,,
,,,,,,,,,,,,,,,,,,,,,,,,
,,,,,,,,,,,,,,,,,,,,,,,,
,,,,,,,,,,,,,,,,,,,,,,,,
,,,,,,,,,,,,,,,,,,,,,,,,
,,,,,,,,,,,,,,,,,,,,,,,,
,,,,,,,,,,,,,,,,,,,,,,,,
,,,,,,,,,,,,,,,,,,,,,,,,
,,,,,,,,,,,,,,,,,,,,,,,,
,,,,,,,,,,,,,,,,,,,,,,,,
,,,,,,,,,,,,,,,,,,,,,,,,
,,,,,,,,,,,,,,,,,,,,,,,,
,,,,,,,,,,,,,,,,,,,,,,,,
,,,,,,,,,,,,,,,,,,,,,,,,
,,,,,,,,,,,,,,,,,,,,,,,,
,,,,,,,,,,,,,,,,,,,,,,,,
,,,,,,,,,,,,,,,,,,,,,,,,
,,,,,,,,,,,,,,,,,,,,,,,,
,,,,,,,,,,,,,,,,,,,,,,,,
,,,,,,,,,,,,,,,,,,,,,,,,
,,,,,,,,,,,,,,,,,,,,,,,,
,,,,,,,,,,,,,,,,,,,,,,,,
,,,,,,,,,,,,,,,,,,,,,,,,
,,,,,,,,,,,,,,,,,,,,,,,,
,,,,,,,,,,,,,,,,,,,,,,,,
,,,,,,,,,,,,,,,,,,,,,,,,
,,,,,,,,,,,,,,,,,,,,,,,,
,,,,,,,,,,,,,,,,,,,,,,,,
,,,,,,,,,,,,,,,,,,,,,,,,
,,,,,,,,,,,,,,,,,,,,,,,,
,,,,,,,,,,,,,,,,,,,,,,,,
,,,,,,,,,,,,,,,,,,,,,,,,
,,,,,,,,,,,,,,,,,,,,,,,,
,,,,,,,,,,,,,,,,,,,,,,,,
,,,,,,,,,,,,,,,,,,,,,,,,
,,,,,,,,,,,,,,,,,,,,,,,,
,,,,,,,,,,,,,,,,,,,,,,,,
,,,,,,,,,,,,,,,,,,,,,,,,
,,,,,,,,,,,,,,,,,,,,,,,,
,,,,,,,,,,,,,,,,,,,,,,,,
,,,,,,,,,,,,,,,,,,,,,,,,
,,,,,,,,,,,,,,,,,,,,,,,,
,,,,,,,,,,,,,,,,,,,,,,,,
,,,,,,,,,,,,,,,,,,,,,,,,
,,,,,,,,,,,,,,,,,,,,,,,,
,,,,,,,,,,,,,,,,,,,,,,,,
,,,,,,,,,,,,,,,,,,,,,,,,
,,,,,,,,,,,,,,,,,,,,,,,,
,,,,,,,,,,,,,,,,,,,,,,,,
,,,,,,,,,,,,,,,,,,,,,,,,
,,,,,,,,,,,,,,,,,,,,,,,,
,,,,,,,,,,,,,,,,,,,,,,,,
,,,,,,,,,,,,,,,,,,,,,,,,
,,,,,,,,,,,,,,,,,,,,,,,,
,,,,,,,,,,,,,,,,,,,,,,,,
,,,,,,,,,,,,,,,,,,,,,,,,
,,,,,,,,,,,,,,,,,,,,,,,,
,,,,,,,,,,,,,,,,,,,,,,,,
,,,,,,,,,,,,,,,,,,,,,,,,
,,,,,,,,,,,,,,,,,,,,,,,,
,,,,,,,,,,,,,,,,,,,,,,,,
,,,,,,,,,,,,,,,,,,,,,,,,
,,,,,,,,,,,,,,,,,,,,,,,,
,,,,,,,,,,,,,,,,,,,,,,,,
,,,,,,,,,,,,,,,,,,,,,,,,
,,,,,,,,,,,,,,,,,,,,,,,,
,,,,,,,,,,,,,,,,,,,,,,,,
,,,,,,,,,,,,,,,,,,,,,,,,
,,,,,,,,,,,,,,,,,,,,,,,,
,,,,,,,,,,,,,,,,,,,,,,,,
,,,,,,,,,,,,,,,,,,,,,,,,
,,,,,,,,,,,,,,,,,,,,,,,,
,,,,,,,,,,,,,,,,,,,,,,,,
,,,,,,,,,,,,,,,,,,,,,,,,
,,,,,,,,,,,,,,,,,,,,,,,,
,,,,,,,,,,,,,,,,,,,,,,,,
,,,,,,,,,,,,,,,,,,,,,,,,
,,,,,,,,,,,,,,,,,,,,,,,,
,,,,,,,,,,,,,,,,,,,,,,,,
,,,,,,,,,,,,,,,,,,,,,,,,
,,,,,,,,,,,,,,,,,,,,,,,,
,,,,,,,,,,,,,,,,,,,,,,,,
,,,,,,,,,,,,,,,,,,,,,,,,
,,,,,,,,,,,,,,,,,,,,,,,,
,,,,,,,,,,,,,,,,,,,,,,,,
,,,,,,,,,,,,,,,,,,,,,,,,
,,,,,,,,,,,,,,,,,,,,,,,,
,,,,,,,,,,,,,,,,,,,,,,,,
,,,,,,,,,,,,,,,,,,,,,,,,
,,,,,,,,,,,,,,,,,,,,,,,,
,,,,,,,,,,,,,,,,,,,,,,,,
,,,,,,,,,,,,,,,,,,,,,,,,
,,,,,,,,,,,,,,,,,,,,,,,,
,,,,,,,,,,,,,,,,,,,,,,,,
,,,,,,,,,,,,,,,,,,,,,,,,
,,,,,,,,,,,,,,,,,,,,,,,,
,,,,,,,,,,,,,,,,,,,,,,,,
,,,,,,,,,,,,,,,,,,,,,,,,
,,,,,,,,,,,,,,,,,,,,,,,,
,,,,,,,,,,,,,,,,,,,,,,,,
,,,,,,,,,,,,,,,,,,,,,,,,
,,,,,,,,,,,,,,,,,,,,,,,,
,,,,,,,,,,,,,,,,,,,,,,,,
,,,,,,,,,,,,,,,,,,,,,,,,
,,,,,,,,,,,,,,,,,,,,,,,,
,,,,,,,,,,,,,,,,,,,,,,,,
,,,,,,,,,,,,,,,,,,,,,,,,
,,,,,,,,,,,,,,,,,,,,,,,,
,,,,,,,,,,,,,,,,,,,,,,,,
,,,,,,,,,,,,,,,,,,,,,,,,
,,,,,,,,,,,,,,,,,,,,,,,,
,,,,,,,,,,,,,,,,,,,,,,,,
,,,,,,,,,,,,,,,,,,,,,,,,
,,,,,,,,,,,,,,,,,,,,,,,,
,,,,,,,,,,,,,,,,,,,,,,,,
,,,,,,,,,,,,,,,,,,,,,,,,
,,,,,,,,,,,,,,,,,,,,,,,,
,,,,,,,,,,,,,,,,,,,,,,,,
,,,,,,,,,,,,,,,,,,,,,,,,
,,,,,,,,,,,,,,,,,,,,,,,,
,,,,,,,,,,,,,,,,,,,,,,,,
,,,,,,,,,,,,,,,,,,,,,,,,
,,,,,,,,,,,,,,,,,,,,,,,,
,,,,,,,,,,,,,,,,,,,,,,,,
,,,,,,,,,,,,,,,,,,,,,,,,
,,,,,,,,,,,,,,,,,,,,,,,,
,,,,,,,,,,,,,,,,,,,,,,,,
,,,,,,,,,,,,,,,,,,,,,,,,
,,,,,,,,,,,,,,,,,,,,,,,,
,,,,,,,,,,,,,,,,,,,,,,,,
,,,,,,,,,,,,,,,,,,,,,,,,
,,,,,,,,,,,,,,,,,,,,,,,,
,,,,,,,,,,,,,,,,,,,,,,,,
,,,,,,,,,,,,,,,,,,,,,,,,
,,,,,,,,,,,,,,,,,,,,,,,,
,,,,,,,,,,,,,,,,,,,,,,,,
,,,,,,,,,,,,,,,,,,,,,,,,
,,,,,,,,,,,,,,,,,,,,,,,,
,,,,,,,,,,,,,,,,,,,,,,,,
,,,,,,,,,,,,,,,,,,,,,,,,
,,,,,,,,,,,,,,,,,,,,,,,,
,,,,,,,,,,,,,,,,,,,,,,,,
,,,,,,,,,,,,,,,,,,,,,,,,
,,,,,,,,,,,,,,,,,,,,,,,,
,,,,,,,,,,,,,,,,,,,,,,,,
,,,,,,,,,,,,,,,,,,,,,,,,
,,,,,,,,,,,,,,,,,,,,,,,,
,,,,,,,,,,,,,,,,,,,,,,,,
,,,,,,,,,,,,,,,,,,,,,,,,
,,,,,,,,,,,,,,,,,,,,,,,,
,,,,,,,,,,,,,,,,,,,,,,,,
,,,,,,,,,,,,,,,,,,,,,,,,
,,,,,,,,,,,,,,,,,,,,,,,,
,,,,,,,,,,,,,,,,,,,,,,,,
,,,,,,,,,,,,,,,,,,,,,,,,
,,,,,,,,,,,,,,,,,,,,,,,,
,,,,,,,,,,,,,,,,,,,,,,,,
,,,,,,,,,,,,,,,,,,,,,,,,
,,,,,,,,,,,,,,,,,,,,,,,,
,,,,,,,,,,,,,,,,,,,,,,,,
,,,,,,,,,,,,,,,,,,,,,,,,
,,,,,,,,,,,,,,,,,,,,,,,,
,,,,,,,,,,,,,,,,,,,,,,,,
,,,,,,,,,,,,,,,,,,,,,,,,
,,,,,,,,,,,,,,,,,,,,,,,,
,,,,,,,,,,,,,,,,,,,,,,,,
,,,,,,,,,,,,,,,,,,,,,,,,
,,,,,,,,,,,,,,,,,,,,,,,,
,,,,,,,,,,,,,,,,,,,,,,,,
,,,,,,,,,,,,,,,,,,,,,,,,
,,,,,,,,,,,,,,,,,,,,,,,,
,,,,,,,,,,,,,,,,,,,,,,,,
,,,,,,,,,,,,,,,,,,,,,,,,
,,,,,,,,,,,,,,,,,,,,,,,,
,,,,,,,,,,,,,,,,,,,,,,,,
,,,,,,,,,,,,,,,,,,,,,,,,
,,,,,,,,,,,,,,,,,,,,,,,,
,,,,,,,,,,,,,,,,,,,,,,,,
,,,,,,,,,,,,,,,,,,,,,,,,
,,,,,,,,,,,,,,,,,,,,,,,,
,,,,,,,,,,,,,,,,,,,,,,,,
,,,,,,,,,,,,,,,,,,,,,,,,
,,,,,,,,,,,,,,,,,,,,,,,,
,,,,,,,,,,,,,,,,,,,,,,,,
,,,,,,,,,,,,,,,,,,,,,,,,
,,,,,,,,,,,,,,,,,,,,,,,,
,,,,,,,,,,,,,,,,,,,,,,,,
,,,,,,,,,,,,,,,,,,,,,,,,
,,,,,,,,,,,,,,,,,,,,,,,,
,,,,,,,,,,,,,,,,,,,,,,,,
,,,,,,,,,,,,,,,,,,,,,,,,
,,,,,,,,,,,,,,,,,,,,,,,,
,,,,,,,,,,,,,,,,,,,,,,,,
,,,,,,,,,,,,,,,,,,,,,,,,
,,,,,,,,,,,,,,,,,,,,,,,,
,,,,,,,,,,,,,,,,,,,,,,,,
,,,,,,,,,,,,,,,,,,,,,,,,
,,,,,,,,,,,,,,,,,,,,,,,,
,,,,,,,,,,,,,,,,,,,,,,,,
,,,,,,,,,,,,,,,,,,,,,,,,
,,,,,,,,,,,,,,,,,,,,,,,,
,,,,,,,,,,,,,,,,,,,,,,,,
,,,,,,,,,,,,,,,,,,,,,,,,
,,,,,,,,,,,,,,,,,,,,,,,,
,,,,,,,,,,,,,,,,,,,,,,,,
,,,,,,,,,,,,,,,,,,,,,,,,
,,,,,,,,,,,,,,,,,,,,,,,,
,,,,,,,,,,,,,,,,,,,,,,,,
,,,,,,,,,,,,,,,,,,,,,,,,
,,,,,,,,,,,,,,,,,,,,,,,,
,,,,,,,,,,,,,,,,,,,,,,,,
,,,,,,,,,,,,,,,,,,,,,,,,
,,,,,,,,,,,,,,,,,,,,,,,,
,,,,,,,,,,,,,,,,,,,,,,,,
,,,,,,,,,,,,,,,,,,,,,,,,
,,,,,,,,,,,,,,,,,,,,,,,,
,,,,,,,,,,,,,,,,,,,,,,,,
,,,,,,,,,,,,,,,,,,,,,,,,
,,,,,,,,,,,,,,,,,,,,,,,,
,,,,,,,,,,,,,,,,,,,,,,,,
,,,,,,,,,,,,,,,,,,,,,,,,
,,,,,,,,,,,,,,,,,,,,,,,,
,,,,,,,,,,,,,,,,,,,,,,,,
,,,,,,,,,,,,,,,,,,,,,,,,
,,,,,,,,,,,,,,,,,,,,,,,,
,,,,,,,,,,,,,,,,,,,,,,,,
,,,,,,,,,,,,,,,,,,,,,,,,
,,,,,,,,,,,,,,,,,,,,,,,,
,,,,,,,,,,,,,,,,,,,,,,,,
,,,,,,,,,,,,,,,,,,,,,,,,
,,,,,,,,,,,,,,,,,,,,,,,,
,,,,,,,,,,,,,,,,,,,,,,,,
,,,,,,,,,,,,,,,,,,,,,,,,
,,,,,,,,,,,,,,,,,,,,,,,,
,,,,,,,,,,,,,,,,,,,,,,,,
,,,,,,,,,,,,,,,,,,,,,,,,
,,,,,,,,,,,,,,,,,,,,,,,,
,,,,,,,,,,,,,,,,,,,,,,,,
,,,,,,,,,,,,,,,,,,,,,,,,
,,,,,,,,,,,,,,,,,,,,,,,,
,,,,,,,,,,,,,,,,,,,,,,,,
,,,,,,,,,,,,,,,,,,,,,,,,
,,,,,,,,,,,,,,,,,,,,,,,,
,,,,,,,,,,,,,,,,,,,,,,,,
,,,,,,,,,,,,,,,,,,,,,,,,
,,,,,,,,,,,,,,,,,,,,,,,,
,,,,,,,,,,,,,,,,,,,,,,,,
,,,,,,,,,,,,,,,,,,,,,,,,
,,,,,,,,,,,,,,,,,,,,,,,,
,,,,,,,,,,,,,,,,,,,,,,,,
,,,,,,,,,,,,,,,,,,,,,,,,
,,,,,,,,,,,,,,,,,,,,,,,,
,,,,,,,,,,,,,,,,,,,,,,,,
,,,,,,,,,,,,,,,,,,,,,,,,
,,,,,,,,,,,,,,,,,,,,,,,,
,,,,,,,,,,,,,,,,,,,,,,,,
,,,,,,,,,,,,,,,,,,,,,,,,
,,,,,,,,,,,,,,,,,,,,,,,,
,,,,,,,,,,,,,,,,,,,,,,,,
,,,,,,,,,,,,,,,,,,,,,,,,
,,,,,,,,,,,,,,,,,,,,,,,,
,,,,,,,,,,,,,,,,,,,,,,,,
,,,,,,,,,,,,,,,,,,,,,,,,
,,,,,,,,,,,,,,,,,,,,,,,,
,,,,,,,,,,,,,,,,,,,,,,,,
,,,,,,,,,,,,,,,,,,,,,,,,
,,,,,,,,,,,,,,,,,,,,,,,,
,,,,,,,,,,,,,,,,,,,,,,,,
,,,,,,,,,,,,,,,,,,,,,,,,
,,,,,,,,,,,,,,,,,,,,,,,,
,,,,,,,,,,,,,,,,,,,,,,,,
,,,,,,,,,,,,,,,,,,,,,,,,
,,,,,,,,,,,,,,,,,,,,,,,,
,,,,,,,,,,,,,,,,,,,,,,,,
,,,,,,,,,,,,,,,,,,,,,,,,
,,,,,,,,,,,,,,,,,,,,,,,,
,,,,,,,,,,,,,,,,,,,,,,,,
,,,,,,,,,,,,,,,,,,,,,,,,
,,,,,,,,,,,,,,,,,,,,,,,,
,,,,,,,,,,,,,,,,,,,,,,,,
,,,,,,,,,,,,,,,,,,,,,,,,
,,,,,,,,,,,,,,,,,,,,,,,,
,,,,,,,,,,,,,,,,,,,,,,,,
,,,,,,,,,,,,,,,,,,,,,,,,
,,,,,,,,,,,,,,,,,,,,,,,,
,,,,,,,,,,,,,,,,,,,,,,,,
,,,,,,,,,,,,,,,,,,,,,,,,
,,,,,,,,,,,,,,,,,,,,,,,,
,,,,,,,,,,,,,,,,,,,,,,,,
,,,,,,,,,,,,,,,,,,,,,,,,
,,,,,,,,,,,,,,,,,,,,,,,,
,,,,,,,,,,,,,,,,,,,,,,,,
,,,,,,,,,,,,,,,,,,,,,,,,
,,,,,,,,,,,,,,,,,,,,,,,,
,,,,,,,,,,,,,,,,,,,,,,,,
,,,,,,,,,,,,,,,,,,,,,,,,
,,,,,,,,,,,,,,,,,,,,,,,,
,,,,,,,,,,,,,,,,,,,,,,,,
,,,,,,,,,,,,,,,,,,,,,,,,
,,,,,,,,,,,,,,,,,,,,,,,,
,,,,,,,,,,,,,,,,,,,,,,,,
,,,,,,,,,,,,,,,,,,,,,,,,
,,,,,,,,,,,,,,,,,,,,,,,,
,,,,,,,,,,,,,,,,,,,,,,,,
,,,,,,,,,,,,,,,,,,,,,,,,
,,,,,,,,,,,,,,,,,,,,,,,,
,,,,,,,,,,,,,,,,,,,,,,,,
,,,,,,,,,,,,,,,,,,,,,,,,
,,,,,,,,,,,,,,,,,,,,,,,,
,,,,,,,,,,,,,,,,,,,,,,,,
,,,,,,,,,,,,,,,,,,,,,,,,
,,,,,,,,,,,,,,,,,,,,,,,,
,,,,,,,,,,,,,,,,,,,,,,,,
,,,,,,,,,,,,,,,,,,,,,,,,
,,,,,,,,,,,,,,,,,,,,,,,,
,,,,,,,,,,,,,,,,,,,,,,,,
,,,,,,,,,,,,,,,,,,,,,,,,
,,,,,,,,,,,,,,,,,,,,,,,,
,,,,,,,,,,,,,,,,,,,,,,,,
,,,,,,,,,,,,,,,,,,,,,,,,
,,,,,,,,,,,,,,,,,,,,,,,,
,,,,,,,,,,,,,,,,,,,,,,,,
,,,,,,,,,,,,,,,,,,,,,,,,
,,,,,,,,,,,,,,,,,,,,,,,,
,,,,,,,,,,,,,,,,,,,,,,,,
,,,,,,,,,,,,,,,,,,,,,,,,
,,,,,,,,,,,,,,,,,,,,,,,,
,,,,,,,,,,,,,,,,,,,,,,,,
,,,,,,,,,,,,,,,,,,,,,,,,
,,,,,,,,,,,,,,,,,,,,,,,,
,,,,,,,,,,,,,,,,,,,,,,,,
,,,,,,,,,,,,,,,,,,,,,,,,
,,,,,,,,,,,,,,,,,,,,,,,,
,,,,,,,,,,,,,,,,,,,,,,,,
,,,,,,,,,,,,,,,,,,,,,,,,
,,,,,,,,,,,,,,,,,,,,,,,,
,,,,,,,,,,,,,,,,,,,,,,,,
,,,,,,,,,,,,,,,,,,,,,,,,
,,,,,,,,,,,,,,,,,,,,,,,,
,,,,,,,,,,,,,,,,,,,,,,,,
,,,,,,,,,,,,,,,,,,,,,,,,
,,,,,,,,,,,,,,,,,,,,,,,,
,,,,,,,,,,,,,,,,,,,,,,,,
,,,,,,,,,,,,,,,,,,,,,,,,
,,,,,,,,,,,,,,,,,,,,,,,,
,,,,,,,,,,,,,,,,,,,,,,,,
,,,,,,,,,,,,,,,,,,,,,,,,
,,,,,,,,,,,,,,,,,,,,,,,,
,,,,,,,,,,,,,,,,,,,,,,,,
,,,,,,,,,,,,,,,,,,,,,,,,
,,,,,,,,,,,,,,,,,,,,,,,,
,,,,,,,,,,,,,,,,,,,,,,,,
,,,,,,,,,,,,,,,,,,,,,,,,
,,,,,,,,,,,,,,,,,,,,,,,,
,,,,,,,,,,,,,,,,,,,,,,,,
,,,,,,,,,,,,,,,,,,,,,,,,
,,,,,,,,,,,,,,,,,,,,,,,,
